Protocollo;Gruppo;DataOraIncidente;Localizzazione1;STRADA1;Localizzazione2;STRADA2;Strada02;Chilometrica;DaSpecificare;NaturaIncidente;particolaritastrade;TipoStrada;FondoStradale;Pavimentazione;Segnaletica;CondizioneAtmosferica;Traffico;Visibilita;Illuminazione;NUM_FERITI;NUM_RISERVATA;NUM_MORTI;NUM_ILLESI;Longitudine;Latitudine;Confermato;Progressivo;TipoVeicolo;StatoVeicolo;TipoPersona;Sesso;Tipolesione;Deceduto;DecedutoDopo;CinturaCascoUtilizzato;Airbag
2271057;17;03/02/2015 05:40;Strada Urbana;VIALE DELLO STADIO OLIMPICO;in prossimità;;del civico n.;16;;Veicolo in marcia contro ostacolo fisso;Rettilineo;Una carreggiata a senso unico di marcia;Bagnato (umidità in atto);Asfaltata;Verticale ed orizzontale;Nuvoloso;Scarso;Sufficiente;Sufficiente;0;0;0;2;12.45347;41.93051;-1;1;Autovettura privata;In marcia / fermata / arresto;Passeggero;F;Illeso;0;;Non accertato;Inesploso
2271059;19;03/02/2015 20:00;Strada Urbana;VIA DEL FORTE TRIONFALE;in prossimità;;del civico n.;101;;Investimento di pedone;Rettilineo;Una carreggiata a doppio senso;Bagnato (pioggia);Asfaltata;Orizzontale;Pioggia in atto;Scarso;Sufficiente;Sufficiente;1;0;0;1;12.43417;41.9416;-1;;;;Pedone;M;Rimandato;0;NON DECEDUTO;;
2271059;19;03/02/2015 20:00;Strada Urbana;VIA DEL FORTE TRIONFALE;in prossimità;;del civico n.;101;;Investimento di pedone;Rettilineo;Una carreggiata a doppio senso;Bagnato (pioggia);Asfaltata;Orizzontale;Pioggia in atto;Scarso;Sufficiente;Sufficiente;1;0;0;1;12.43417;41.9416;-1;1;Autovettura privata;In marcia / fermata / arresto;Conducente;M;Illeso;0;;Non accertato;Inesploso
2271060;11;04/02/2015 07:55;Strada Urbana;VIA DI VIGNA MURATA;da specificare;;;;Prossimità VIA COLLE DI MEZZO;Scontro laterale fra veicoli in marcia;Rettilineo;Due carreggiate;Bagnato (pioggia);Asfaltata;Verticale ed orizzontale;Nuvoloso;Normale;Buona;Ore Diurne;0;0;0;3;12.49872;41.82626;-1;1;Autovettura privata;In marcia / fermata / arresto;Conducente;F;Illeso;0;;Non accertato;Inesploso
2271060;11;04/02/2015 07:55;Strada Urbana;VIA DI VIGNA MURATA;da specificare;;;;Prossimità VIA COLLE DI MEZZO;Scontro laterale fra veicoli in marcia;Rettilineo;Due carreggiate;Bagnato (pioggia);Asfaltata;Verticale ed orizzontale;Nuvoloso;Normale;Buona;Ore Diurne;0;0;0;3;12.49872;41.82626;-1;2;Autovettura privata;In marcia / fermata / arresto;Conducente;F;Illeso;0;;Non accertato;Inesploso
2271060;11;04/02/2015 07:55;Strada Urbana;VIA DI VIGNA MURATA;da specificare;;;;Prossimità VIA COLLE DI MEZZO;Scontro laterale fra veicoli in marcia;Rettilineo;Due carreggiate;Bagnato (pioggia);Asfaltata;Verticale ed orizzontale;Nuvoloso;Normale;Buona;Ore Diurne;0;0;0;3;12.49872;41.82626;-1;2;Autovettura privata;In marcia / fermata / arresto;Passeggero;F;Illeso;0;;Non accertato;Inesploso
2271062;10;04/02/2015 07:45;Strada Urbana;VIALE LUIGI SCHIAVONETTI;da specificare;;;;altezza civ.294 dir. Via B. Alimena;Fuoriuscita dalla sede stradale;Curva a visuale libera;Due carreggiate;Bagnato (pioggia);Strada pavimentata dissestata;Orizzontale;Pioggia in atto;Scarso;Buona;Ore Diurne;1;0;0;0;12.61873;41.84487;-1;1;Autovettura privata;In marcia / fermata / arresto;Conducente;F;Rifiuta cure immediate;0;NON DECEDUTO;Non accertato;Inesploso
2271063;1;03/02/2015 20:30;Strada Urbana;VIA CIMARRA;all'intersezione con;VIA DEI SERPENTI;VIA DEI SERPENTI;;;Scontro laterale fra veicoli in marcia;Intersezione non regolata/non segnalata;Una carreggiata a senso unico di marcia;Bagnato (pioggia);Asfaltata;Verticale;Pioggia in atto;Normale;Sufficiente;Sufficiente;0;0;0;2;12.49145;41.89621;-1;1;Autovettura privata;In marcia / fermata / arresto;Conducente;M;Illeso;0;;Non accertato;Inesploso
2271063;1;03/02/2015 20:30;Strada Urbana;VIA CIMARRA;all'intersezione con;VIA DEI SERPENTI;VIA DEI SERPENTI;;;Scontro laterale fra veicoli in marcia;Intersezione non regolata/non segnalata;Una carreggiata a senso unico di marcia;Bagnato (pioggia);Asfaltata;Verticale;Pioggia in atto;Normale;Sufficiente;Sufficiente;0;0;0;2;12.49145;41.89621;-1;2;Autovettura privata;In marcia / fermata / arresto;Conducente;M;Illeso;0;;Non accertato;Inesploso
2271073;17;03/02/2015 20:20;Strada Urbana;VIA TRIONFALE;in prossimità;;del civico n.;5697;;Investimento di pedone;Rettilineo;Una carreggiata a doppio senso;Bagnato (pioggia);Asfaltata;Verticale ed orizzontale;Pioggia in atto;Normale;Sufficiente;Sufficiente;1;0;0;1;12.44772;41.92497;-1;;;;Pedone;F;Rimandato;0;NON DECEDUTO;;
2271073;17;03/02/2015 20:20;Strada Urbana;VIA TRIONFALE;in prossimità;;del civico n.;5697;;Investimento di pedone;Rettilineo;Una carreggiata a doppio senso;Bagnato (pioggia);Asfaltata;Verticale ed orizzontale;Pioggia in atto;Normale;Sufficiente;Sufficiente;1;0;0;1;12.44772;41.92497;-1;1;Motociclo a solo;In marcia / fermata / arresto;Conducente;M;Illeso;0;;Non accertato;
2271079;1;03/02/2015 15:10;Strada Urbana;LUNGOTEVERE DEI VALLATI;all'intersezione semaforizzata con;PONTE SISTO;PONTE SISTO;;;Scontro laterale fra veicoli in marcia;Intersezione semaforizzata;Una carreggiata a senso unico di marcia;Bagnato (pioggia);Asfaltata;Verticale ed orizzontale;Pioggia in atto;Normale;Buona;Ore Diurne;0;0;0;2;12.47267;41.89192;-1;1;Autovettura privata;In marcia / fermata / arresto;Conducente;M;Illeso;0;;Non accertato;Inesploso
2271079;1;03/02/2015 15:10;Strada Urbana;LUNGOTEVERE DEI VALLATI;all'intersezione semaforizzata con;PONTE SISTO;PONTE SISTO;;;Scontro laterale fra veicoli in marcia;Intersezione semaforizzata;Una carreggiata a senso unico di marcia;Bagnato (pioggia);Asfaltata;Verticale ed orizzontale;Pioggia in atto;Normale;Buona;Ore Diurne;0;0;0;2;12.47267;41.89192;-1;2;Autovettura privata;In marcia / fermata / arresto;Conducente;M;Illeso;0;;Non accertato;Inesploso
2271086;7;03/02/2015 23:35;Statale entro l'abitato;VIA TIBURTINA;in prossimità;;del civico n.;1172;;Veicolo in marcia contro ostacolo accidentale;Rettilineo;Una carreggiata a doppio senso;Bagnato (pioggia);Asfaltata;Verticale ed orizzontale;Pioggia in atto;Normale;Buona;Insufficiente;1;0;0;0;12.59842;41.93291;-1;1;Motociclo a solo;In marcia / fermata / arresto;Conducente;M;Rimandato;0;NON DECEDUTO;Non accertato;
2271093;16;02/02/2015 07:40;Strada Urbana;VIA ADOLFO GANDIGLIO;all'intersezione con;VIA DEL CASALETTO;VIA DEL CASALETTO;;;Investimento di pedone;Intersezione stradale segnalata;Una carreggiata a doppio senso;Bagnato (umidità in atto);Asfaltata;Orizzontale;Sereno;Normale;Buona;Ore Diurne;1;0;0;1;12.44064;41.86473;-1;;;;Pedone;M;Rimandato;0;NON DECEDUTO;;
2271093;16;02/02/2015 07:40;Strada Urbana;VIA ADOLFO GANDIGLIO;all'intersezione con;VIA DEL CASALETTO;VIA DEL CASALETTO;;;Investimento di pedone;Intersezione stradale segnalata;Una carreggiata a doppio senso;Bagnato (umidità in atto);Asfaltata;Orizzontale;Sereno;Normale;Buona;Ore Diurne;1;0;0;1;12.44064;41.86473;-1;1;Autovettura privata;In marcia / fermata / arresto;Conducente;F;Illeso;0;;Non accertato;Inesploso
2271098;13;03/02/2015 15:45;Strada Urbana;VIALE DEI ROMAGNOLI;da specificare;;;;in prossimità scavi di Ostia Antica;Veicolo in marcia contro ostacolo fisso;Curva senza visuale libera;Una carreggiata a senso unico di marcia;Bagnato (pioggia);Asfaltata;Verticale ed orizzontale;Pioggia in atto;Normale;Buona;Ore Diurne;0;0;0;1;12.32203;41.76901;-1;1;Autovettura privata;In marcia / fermata / arresto;Conducente;F;Illeso;0;;Non accertato;Inesploso
2271101;17;03/02/2015 18:30;Strada Urbana;PIAZZA ADRIANA;da specificare;;;;fronte civ. 10 bis;Veicolo in marcia contro ostacolo fisso;Rettilineo;Una carreggiata a senso unico alternato;Bagnato (pioggia);Asfaltata;Verticale ed orizzontale;Pioggia in atto;Normale;Sufficiente;Sufficiente;0;0;0;1;12.46721;41.90472;-1;1;Autovettura privata;In marcia / fermata / arresto;Conducente;M;Illeso;0;;Non accertato;Inesploso
2271107;16;01/02/2015 12:00;Strada Urbana;VIA EDOARDO JENNER;in prossimità;;del civico n.;80-82;;Infortunio per sola frenata improvvisa;Rettilineo;Una carreggiata a doppio senso;Bagnato (umidità in atto);Asfaltata;Verticale;Nuvoloso;Scarso;Buona;Ore Diurne;1;0;0;0;12.44486;41.8715;-1;1;Motociclo a solo;In marcia / fermata / arresto;Conducente;M;Rimandato;0;NON DECEDUTO;;
2271116;17;03/02/2015 23:00;Strada Urbana;VIA FILIPPO CORRIDONI;all'intersezione con;PIAZZA ANTONINO CASCINO;PIAZZA ANTONINO CASCINO;;;Scontro laterale fra veicoli in marcia;Intersezione stradale segnalata;Due carreggiate;Bagnato (pioggia);Asfaltata;Verticale ed orizzontale;Pioggia in atto;Normale;Buona;Sufficiente;0;0;0;2;12.45965;41.92233;-1;1;Autovettura privata;In marcia / fermata / arresto;Conducente;F;Illeso;0;;Non accertato;
2271116;17;03/02/2015 23:00;Strada Urbana;VIA FILIPPO CORRIDONI;all'intersezione con;PIAZZA ANTONINO CASCINO;PIAZZA ANTONINO CASCINO;;;Scontro laterale fra veicoli in marcia;Intersezione stradale segnalata;Due carreggiate;Bagnato (pioggia);Asfaltata;Verticale ed orizzontale;Pioggia in atto;Normale;Buona;Sufficiente;0;0;0;2;12.45965;41.92233;-1;2;Autovettura privata;In marcia / fermata / arresto;Conducente;M;Illeso;0;;Non accertato;
2271121;16;02/02/2015 06:50;Strada Urbana;VIA PAOLO EMILIO PAVOLINI;all'intersezione con;VIA ALBERTO BREGLIA;VIA ALBERTO BREGLIA;;;Scontro frontale/laterale SX fra veicoli in marcia;Intersezione stradale segnalata;Una carreggiata a doppio senso;Bagnato (pioggia);Asfaltata;Verticale;Sereno;Scarso;Sufficiente;Sufficiente;0;0;0;6;12.34563;41.87665;-1;1;Autovettura privata;In marcia / fermata / arresto;Conducente;M;Illeso;0;;Non accertato;
2271121;16;02/02/2015 06:50;Strada Urbana;VIA PAOLO EMILIO PAVOLINI;all'intersezione con;VIA ALBERTO BREGLIA;VIA ALBERTO BREGLIA;;;Scontro frontale/laterale SX fra veicoli in marcia;Intersezione stradale segnalata;Una carreggiata a doppio senso;Bagnato (pioggia);Asfaltata;Verticale;Sereno;Scarso;Sufficiente;Sufficiente;0;0;0;6;12.34563;41.87665;-1;1;Autovettura privata;In marcia / fermata / arresto;Passeggero;M;Illeso;0;;Non accertato;
2271121;16;02/02/2015 06:50;Strada Urbana;VIA PAOLO EMILIO PAVOLINI;all'intersezione con;VIA ALBERTO BREGLIA;VIA ALBERTO BREGLIA;;;Scontro frontale/laterale SX fra veicoli in marcia;Intersezione stradale segnalata;Una carreggiata a doppio senso;Bagnato (pioggia);Asfaltata;Verticale;Sereno;Scarso;Sufficiente;Sufficiente;0;0;0;6;12.34563;41.87665;-1;1;Autovettura privata;In marcia / fermata / arresto;Passeggero;M;Illeso;0;;Non accertato;
2271121;16;02/02/2015 06:50;Strada Urbana;VIA PAOLO EMILIO PAVOLINI;all'intersezione con;VIA ALBERTO BREGLIA;VIA ALBERTO BREGLIA;;;Scontro frontale/laterale SX fra veicoli in marcia;Intersezione stradale segnalata;Una carreggiata a doppio senso;Bagnato (pioggia);Asfaltata;Verticale;Sereno;Scarso;Sufficiente;Sufficiente;0;0;0;6;12.34563;41.87665;-1;2;Autovettura privata;In marcia / fermata / arresto;Conducente;M;Illeso;0;;Non accertato;
2271121;16;02/02/2015 06:50;Strada Urbana;VIA PAOLO EMILIO PAVOLINI;all'intersezione con;VIA ALBERTO BREGLIA;VIA ALBERTO BREGLIA;;;Scontro frontale/laterale SX fra veicoli in marcia;Intersezione stradale segnalata;Una carreggiata a doppio senso;Bagnato (pioggia);Asfaltata;Verticale;Sereno;Scarso;Sufficiente;Sufficiente;0;0;0;6;12.34563;41.87665;-1;2;Autovettura privata;In marcia / fermata / arresto;Passeggero;F;Illeso;0;;Non accertato;
2271121;16;02/02/2015 06:50;Strada Urbana;VIA PAOLO EMILIO PAVOLINI;all'intersezione con;VIA ALBERTO BREGLIA;VIA ALBERTO BREGLIA;;;Scontro frontale/laterale SX fra veicoli in marcia;Intersezione stradale segnalata;Una carreggiata a doppio senso;Bagnato (pioggia);Asfaltata;Verticale;Sereno;Scarso;Sufficiente;Sufficiente;0;0;0;6;12.34563;41.87665;-1;2;Autovettura privata;In marcia / fermata / arresto;Passeggero;M;Illeso;0;;Non accertato;
2271126;1;03/02/2015 20:45;Strada Urbana;VIA DEL CORSO;in prossimità;;del civico n.;261;;Investimento di pedone;Rettilineo;Una carreggiata a doppio senso;Bagnato (pioggia);Asfaltata;Orizzontale;Pioggia in atto;Scarso;Sufficiente;Sufficiente;2;0;0;0;12.48184;41.89761;-1;;;;Pedone;F;Rifiuta cure immediate;0;NON DECEDUTO;;
2271126;1;03/02/2015 20:45;Strada Urbana;VIA DEL CORSO;in prossimità;;del civico n.;261;;Investimento di pedone;Rettilineo;Una carreggiata a doppio senso;Bagnato (pioggia);Asfaltata;Orizzontale;Pioggia in atto;Scarso;Sufficiente;Sufficiente;2;0;0;0;12.48184;41.89761;-1;1;Motociclo a solo;In marcia / fermata / arresto;Conducente;M;Rimandato;0;NON DECEDUTO;Utilizzato;
2271143;13;03/02/2015 20:10;Strada Urbana;VIA DI DRAGONE;in prossimità;;del civico n.;349;;Veicolo in marcia contro ostacolo fisso;Rettilineo;Una carreggiata a doppio senso;Bagnato (pioggia);Con buche;Verticale;Pioggia in atto;;Buona;Sufficiente;0;0;0;1;12.33135;41.78479;-1;1;Autovettura privata;In marcia / fermata / arresto;Conducente;F;Illeso;0;;Non accertato;Inesploso
2271155;13;03/02/2015 21:15;Strada Urbana;VIA DI DRAGONE;in prossimità;;del civico n.;349;;Veicolo in marcia contro ostacolo accidentale;Rettilineo;Una carreggiata a doppio senso;Bagnato (pioggia);Con buche;Verticale;Pioggia in atto;Scarso;Buona;Sufficiente;0;0;0;1;12.33135;41.78479;-1;1;Autovettura privata;In marcia / fermata / arresto;Conducente;M;Illeso;0;;Non accertato;Inesploso
2271158;16;03/02/2015 07:20;Strada Urbana;VIA DEL CASALETTO;in prossimità;;del civico n.;140;;Veicolo in marcia contro ostacolo accidentale;Rettilineo;Una carreggiata a doppio senso;Bagnato (pioggia);Asfaltata;Assente;Pioggia in atto;Normale;Buona;Ore Diurne;0;0;0;3;12.43995;41.87387;-1;1;Macchina operatrice;In marcia / fermata / arresto;Conducente;F;Illeso;0;;;
2271158;16;03/02/2015 07:20;Strada Urbana;VIA DEL CASALETTO;in prossimità;;del civico n.;140;;Veicolo in marcia contro ostacolo accidentale;Rettilineo;Una carreggiata a doppio senso;Bagnato (pioggia);Asfaltata;Assente;Pioggia in atto;Normale;Buona;Ore Diurne;0;0;0;3;12.43995;41.87387;-1;1;Macchina operatrice;In marcia / fermata / arresto;Passeggero;F;Illeso;0;;;
2271158;16;03/02/2015 07:20;Strada Urbana;VIA DEL CASALETTO;in prossimità;;del civico n.;140;;Veicolo in marcia contro ostacolo accidentale;Rettilineo;Una carreggiata a doppio senso;Bagnato (pioggia);Asfaltata;Assente;Pioggia in atto;Normale;Buona;Ore Diurne;0;0;0;3;12.43995;41.87387;-1;2;Autovettura privata;In marcia / fermata / arresto;Conducente;M;Illeso;0;;Non accertato;Inesploso
2271161;17;03/02/2015 16:20;Strada Urbana;VIA BARLETTA;da specificare;;;;carreggiata centrale pross. fr. nr. civ. 2;Veicolo in marcia contro veicolo in sosta;Rettilineo;Più di due carreggiate;Bagnato (pioggia);Asfaltata;Verticale ed orizzontale;Pioggia in atto;Normale;Buona;Ore Diurne;0;0;0;1;12.45808;41.91027;-1;1;Autocarro superiore 35 q.;In marcia / fermata / arresto;Conducente;M;Illeso;0;;Non accertato;Inesistente
2271162;16;03/02/2015 07:15;Strada Urbana;VIA DEGLI STRADIVARI;all'intersezione con;LUNGOTEVERE DEGLI ARTIGIANI;LUNGOTEVERE DEGLI ARTIGIANI;;;Scontro frontale/laterale SX fra veicoli in marcia;Incrocio;Una carreggiata a doppio senso;Bagnato (pioggia);Asfaltata;Verticale;Pioggia in atto;Normale;Buona;Ore Diurne;0;0;0;2;12.46965;41.87508;-1;1;Autovettura privata;In marcia / fermata / arresto;Conducente;M;Illeso;0;;Non accertato;Inesploso
2271162;16;03/02/2015 07:15;Strada Urbana;VIA DEGLI STRADIVARI;all'intersezione con;LUNGOTEVERE DEGLI ARTIGIANI;LUNGOTEVERE DEGLI ARTIGIANI;;;Scontro frontale/laterale SX fra veicoli in marcia;Incrocio;Una carreggiata a doppio senso;Bagnato (pioggia);Asfaltata;Verticale;Pioggia in atto;Normale;Buona;Ore Diurne;0;0;0;2;12.46965;41.87508;-1;2;Autovettura privata;In marcia / fermata / arresto;Conducente;F;Illeso;0;;Non accertato;Inesploso
2271172;4;03/02/2015 09:00;Statale entro l'abitato;VIA SALARIA;da specificare;;;;100 mt prima impianto semaf. via Grottazzolina;Veicolo in marcia contro ostacolo accidentale;Curva a visuale libera;Due carreggiate;Bagnato (umidità in atto);Asfaltata;Verticale ed orizzontale;Pioggia in atto;Normale;Buona;Ore Diurne;0;0;0;1;12.51691;41.99645;-1;1;Autovettura privata;In marcia / fermata / arresto;Conducente;F;Illeso;0;;Non accertato;
2271178;1;03/02/2015 16:30;Strada Urbana;LARGO DELLE TERME DI CARACALLA;all'intersezione con;VIALE DELLE TERME DI CARACALLA;VIALE DELLE TERME DI CARACALLA;;;Scontro laterale fra veicoli in marcia;Incrocio;Una carreggiata a doppio senso;Bagnato (pioggia);Asfaltata;Verticale ed orizzontale;Pioggia in atto;Normale;Buona;Ore Diurne;0;0;0;2;12.49516;41.87849;-1;1;Autovettura privata;In marcia / fermata / arresto;Conducente;M;Illeso;0;;Utilizzato;Inesploso
2271178;1;03/02/2015 16:30;Strada Urbana;LARGO DELLE TERME DI CARACALLA;all'intersezione con;VIALE DELLE TERME DI CARACALLA;VIALE DELLE TERME DI CARACALLA;;;Scontro laterale fra veicoli in marcia;Incrocio;Una carreggiata a doppio senso;Bagnato (pioggia);Asfaltata;Verticale ed orizzontale;Pioggia in atto;Normale;Buona;Ore Diurne;0;0;0;2;12.49516;41.87849;-1;2;Motociclo a solo;In marcia / fermata / arresto;Conducente;M;Illeso;0;;Utilizzato;
2271181;3;04/02/2015 03:00;Strada Urbana;tangenziale / est dir. salaria;da specificare;;;;alt. sbocco Batteria Nomentana;Veicolo in marcia contro ostacolo fisso;Galleria illuminata;Una carreggiata a senso unico di marcia;Bagnato (pioggia);Asfaltata;Orizzontale;Pioggia in atto;Normale;Sufficiente;Sufficiente;0;0;0;1;12.52797;41.9266;-1;1;Autovettura privata;In marcia / fermata / arresto;Conducente;F;Illeso;0;;Non accertato;Inesploso
2271187;20;03/02/2015 14:50;Altra strada;CIRCONVALLAZIONE SETTENTRIONALE;da specificare;;;;rampa carreggiata esterna dir. Flaminia centro;Ribaltamento senza urto contro ostacolo fisso;Curva senza visuale libera;Una carreggiata a senso unico di marcia;Bagnato (pioggia);Asfaltata;Verticale ed orizzontale;Pioggia in atto;Scarso;Buona;Ore Diurne;2;0;0;0;12.49124;41.9864;-1;1;Autovettura privata;In marcia / fermata / arresto;Conducente;F;Rimandato;0;NON DECEDUTO;Non accertato;Esploso
2271187;20;03/02/2015 14:50;Altra strada;CIRCONVALLAZIONE SETTENTRIONALE;da specificare;;;;rampa carreggiata esterna dir. Flaminia centro;Ribaltamento senza urto contro ostacolo fisso;Curva senza visuale libera;Una carreggiata a senso unico di marcia;Bagnato (pioggia);Asfaltata;Verticale ed orizzontale;Pioggia in atto;Scarso;Buona;Ore Diurne;2;0;0;0;12.49124;41.9864;-1;1;Autovettura privata;In marcia / fermata / arresto;Passeggero;M;Rimandato;0;NON DECEDUTO;Non accertato;Inesploso
2271191;4;03/02/2015 17:45;Strada Urbana;VIA RENATO FUCINI;da specificare;;;;in prossimità di via L. Capuana;Investimento di pedone;Rettilineo;Due carreggiate;Bagnato (pioggia);Asfaltata;Verticale ed orizzontale;Nuvoloso;Normale;Sufficiente;Sufficiente;0;0;1;1;12.54961;41.94954;-1;;;;Pedone;M;Deceduto sul posto;-1;;;
2271191;4;03/02/2015 17:45;Strada Urbana;VIA RENATO FUCINI;da specificare;;;;in prossimità di via L. Capuana;Investimento di pedone;Rettilineo;Due carreggiate;Bagnato (pioggia);Asfaltata;Verticale ed orizzontale;Nuvoloso;Normale;Sufficiente;Sufficiente;0;0;1;1;12.54961;41.94954;-1;1;Autovettura privata;In marcia / fermata / arresto;Conducente;M;Illeso;0;;Non accertato;Inesploso
2271204;7;04/02/2015 07:40;Provinciale entro l'abitato;VIA PRENESTINA;in prossimità;;del civico n.;1068;;Veicolo in marcia contro ostacolo accidentale;Rettilineo;Una carreggiata a doppio senso;Bagnato (pioggia);Con buche;Verticale ed orizzontale;Pioggia in atto;Intenso;Buona;Ore Diurne;0;0;0;1;12.61142;41.89326;-1;1;Autovettura privata;In marcia / fermata / arresto;Conducente;M;Illeso;0;;Non accertato;Inesploso
2271207;12;03/02/2015 16:40;Strada Urbana;VIALE FILIPPO TOMMASO MARINETTI;da specificare;;;;fronte civico 245;Veicolo in marcia contro ostacolo accidentale;Rettilineo;Due carreggiate;Bagnato (pioggia);Asfaltata;Verticale ed orizzontale;Pioggia in atto;Normale;Buona;Ore Diurne;0;0;0;1;12.47495;41.80742;-1;1;Autovettura privata;In marcia / fermata / arresto;Conducente;F;Illeso;0;;Utilizzato;Inesploso
2271208;17;03/02/2015 08:00;Strada Urbana;VIA CANDIA;in prossimità;;del civico n.;109;;Investimento di pedone;Rettilineo;Una carreggiata a senso unico di marcia;Bagnato (pioggia);Asfaltata;Orizzontale;Pioggia in atto;Normale;Buona;Ore Diurne;3;0;0;0;12.45199;41.90785;-1;;;;Pedone;F;Rimandato;0;NON DECEDUTO;;
2271208;17;03/02/2015 08:00;Strada Urbana;VIA CANDIA;in prossimità;;del civico n.;109;;Investimento di pedone;Rettilineo;Una carreggiata a senso unico di marcia;Bagnato (pioggia);Asfaltata;Orizzontale;Pioggia in atto;Normale;Buona;Ore Diurne;3;0;0;0;12.45199;41.90785;-1;;;;Pedone;F;Rimandato;0;NON DECEDUTO;;
2271208;17;03/02/2015 08:00;Strada Urbana;VIA CANDIA;in prossimità;;del civico n.;109;;Investimento di pedone;Rettilineo;Una carreggiata a senso unico di marcia;Bagnato (pioggia);Asfaltata;Orizzontale;Pioggia in atto;Normale;Buona;Ore Diurne;3;0;0;0;12.45199;41.90785;-1;1;Ciclomotore;In marcia / fermata / arresto;Conducente;F;Rimandato;0;NON DECEDUTO;;
2271213;2;03/02/2015 12:15;Strada Urbana;VIALE MARESCIALLO PILSUDSKI;in prossimità;;del civico n.;21;;Veicolo in marcia contro ostacolo accidentale;Rettilineo;Una carreggiata a doppio senso;Bagnato (pioggia);Asfaltata;Orizzontale;Pioggia in atto;Normale;Buona;Ore Diurne;0;0;0;1;12.47676;41.92846;-1;1;Autovettura privata;In marcia / fermata / arresto;Conducente;F;Illeso;0;;;
2271217;2;03/02/2015 16:40;Strada Urbana;CORSO D'ITALIA;in prossimità;;del civico n.;4;;Veicolo in marcia contro ostacolo fisso;Curva a visuale libera;Più di due carreggiate;Bagnato (pioggia);Asfaltata;Verticale ed orizzontale;Pioggia in atto;Normale;Buona;Ore Diurne;1;0;0;0;12.49884;41.91056;-1;1;Autovettura privata;In marcia / fermata / arresto;Conducente;F;Rimandato;0;NON DECEDUTO;;
2271219;2;03/02/2015 18:30;Strada Urbana;VIA SALARIA;all'intersezione con;VIA CREMERA;VIA CREMERA;;;Scontro frontale/laterale SX fra veicoli in marcia;Incrocio;Una carreggiata a senso unico di marcia;Bagnato (pioggia);Asfaltata;Verticale ed orizzontale;Pioggia in atto;Normale;Sufficiente;Sufficiente;0;0;0;3;12.4978;41.91246;-1;1;Autovettura privata;In marcia / fermata / arresto;Conducente;M;Illeso;0;;Non accertato;Inesploso
2271219;2;03/02/2015 18:30;Strada Urbana;VIA SALARIA;all'intersezione con;VIA CREMERA;VIA CREMERA;;;Scontro frontale/laterale SX fra veicoli in marcia;Incrocio;Una carreggiata a senso unico di marcia;Bagnato (pioggia);Asfaltata;Verticale ed orizzontale;Pioggia in atto;Normale;Sufficiente;Sufficiente;0;0;0;3;12.4978;41.91246;-1;1;Autovettura privata;In marcia / fermata / arresto;Passeggero;F;Illeso;0;;Non accertato;Inesploso
2271219;2;03/02/2015 18:30;Strada Urbana;VIA SALARIA;all'intersezione con;VIA CREMERA;VIA CREMERA;;;Scontro frontale/laterale SX fra veicoli in marcia;Incrocio;Una carreggiata a senso unico di marcia;Bagnato (pioggia);Asfaltata;Verticale ed orizzontale;Pioggia in atto;Normale;Sufficiente;Sufficiente;0;0;0;3;12.4978;41.91246;-1;2;Autovettura privata;In marcia / fermata / arresto;Conducente;M;Illeso;0;;Non accertato;Inesploso
2271222;1;03/02/2015 19:50;Strada Urbana;LUNGOTEVERE DEI TEBALDI;in prossimità;;del civico n.;4;;Veicolo in marcia contro ostacolo accidentale;Rettilineo;Una carreggiata a senso unico di marcia;Bagnato (pioggia);Asfaltata;Verticale;Pioggia in atto;Normale;Sufficiente;Sufficiente;0;0;0;1;12.47061;41.89324;-1;1;Autovettura privata;In marcia / fermata / arresto;Conducente;M;Illeso;0;;Utilizzato;Inesploso
2271228;1;03/02/2015 18:15;Strada Urbana;VIA DEL TEATRO DI MARCELLO;in corrispondenza;;del civico n.;16;;Investimento di pedone;Rettilineo;Una carreggiata a doppio senso;Bagnato (pioggia);In cubetti di porfido;Verticale ed orizzontale;Pioggia in atto;Normale;Buona;Sufficiente;2;0;0;1;12.48097;41.89295;-1;;;;Pedone;F;Rimandato;0;NON DECEDUTO;;
2271228;1;03/02/2015 18:15;Strada Urbana;VIA DEL TEATRO DI MARCELLO;in corrispondenza;;del civico n.;16;;Investimento di pedone;Rettilineo;Una carreggiata a doppio senso;Bagnato (pioggia);In cubetti di porfido;Verticale ed orizzontale;Pioggia in atto;Normale;Buona;Sufficiente;2;0;0;1;12.48097;41.89295;-1;1;Motociclo a solo;In marcia / fermata / arresto;Conducente;M;Illeso;0;;Non accertato;
2271243;20;03/02/2015 18:05;Regionale entro l'abitato;VIA FLAMINIA NUOVA;in prossimità;;del civico n.;299;;Scontro frontale fra veicoli in marcia;Rettilineo;Una carreggiata a doppio senso;Bagnato (pioggia);Asfaltata;Orizzontale;Pioggia in atto;Normale;Sufficiente;Sufficiente;1;0;0;1;12.47623;41.95439;-1;1;Autovettura privata;In marcia / fermata / arresto;Conducente;F;Rimandato;0;NON DECEDUTO;Non accertato;Inesploso
2271243;20;03/02/2015 18:05;Regionale entro l'abitato;VIA FLAMINIA NUOVA;in prossimità;;del civico n.;299;;Scontro frontale fra veicoli in marcia;Rettilineo;Una carreggiata a doppio senso;Bagnato (pioggia);Asfaltata;Orizzontale;Pioggia in atto;Normale;Sufficiente;Sufficiente;1;0;0;1;12.47623;41.95439;-1;2;Autovettura privata;In marcia / fermata / arresto;Conducente;M;Illeso;0;;Non accertato;Inesploso