Protocollo;Gruppo;DataOraIncidente;Localizzazione1;STRADA1;Localizzazione2;STRADA2;Strada02;Chilometrica;DaSpecificare;NaturaIncidente;particolaritastrade;TipoStrada;FondoStradale;Pavimentazione;Segnaletica;CondizioneAtmosferica;Traffico;Visibilita;Illuminazione;NUM_FERITI;NUM_RISERVATA;NUM_MORTI;NUM_ILLESI;Longitudine;Latitudine;Confermato;Progressivo;TipoVeicolo;StatoVeicolo;TipoPersona;Sesso;Tipolesione;Deceduto;DecedutoDopo;CinturaCascoUtilizzato;Airbag
2273160;13;05/02/2015 14:00;Strada Urbana;VIA DELLA GENTE SALINATORIA;all'intersezione con;VIALE DEI ROMAGNOLI;VIALE DEI ROMAGNOLI;;;Scontro frontale/laterale SX fra veicoli in marcia;Incrocio;Una carreggiata a doppio senso;Bagnato (pioggia);Asfaltata;Verticale;Pioggia in atto;Normale;Buona;Ore Diurne;0;0;0;5;12.30325;41.76066;-1;1;Autocaravan;In marcia / fermata / arresto;Passeggero;M;Illeso;0;;Non accertato;Inesistente
2273160;13;05/02/2015 14:00;Strada Urbana;VIA DELLA GENTE SALINATORIA;all'intersezione con;VIALE DEI ROMAGNOLI;VIALE DEI ROMAGNOLI;;;Scontro frontale/laterale SX fra veicoli in marcia;Incrocio;Una carreggiata a doppio senso;Bagnato (pioggia);Asfaltata;Verticale;Pioggia in atto;Normale;Buona;Ore Diurne;0;0;0;5;12.30325;41.76066;-1;2;Autovettura privata;In marcia / fermata / arresto;Conducente;M;Illeso;0;;Non accertato;Inesistente
2273185;12;05/02/2015 16:45;Strada Urbana;VIALE CITTA' D'EUROPA;all'intersezione con;VIA ROTTERDAM;VIA ROTTERDAM;;;Scontro laterale fra veicoli in marcia;Incrocio;Due carreggiate;Bagnato (pioggia);Asfaltata;Verticale ed orizzontale;Pioggia in atto;Scarso;Sufficiente;Ore Diurne;0;0;0;4;12.45303;41.82105;-1;1;Autovettura privata;In marcia / fermata / arresto;Conducente;F;Illeso;0;;Non accertato;Inesploso
2273185;12;05/02/2015 16:45;Strada Urbana;VIALE CITTA' D'EUROPA;all'intersezione con;VIA ROTTERDAM;VIA ROTTERDAM;;;Scontro laterale fra veicoli in marcia;Incrocio;Due carreggiate;Bagnato (pioggia);Asfaltata;Verticale ed orizzontale;Pioggia in atto;Scarso;Sufficiente;Ore Diurne;0;0;0;4;12.45303;41.82105;-1;1;Autovettura privata;In marcia / fermata / arresto;Passeggero;M;Illeso;0;;Non accertato;Inesploso
2273185;12;05/02/2015 16:45;Strada Urbana;VIALE CITTA' D'EUROPA;all'intersezione con;VIA ROTTERDAM;VIA ROTTERDAM;;;Scontro laterale fra veicoli in marcia;Incrocio;Due carreggiate;Bagnato (pioggia);Asfaltata;Verticale ed orizzontale;Pioggia in atto;Scarso;Sufficiente;Ore Diurne;0;0;0;4;12.45303;41.82105;-1;2;Autovettura privata;In marcia / fermata / arresto;Conducente;M;Illeso;0;;Non accertato;Inesploso
2273185;12;05/02/2015 16:45;Strada Urbana;VIALE CITTA' D'EUROPA;all'intersezione con;VIA ROTTERDAM;VIA ROTTERDAM;;;Scontro laterale fra veicoli in marcia;Incrocio;Due carreggiate;Bagnato (pioggia);Asfaltata;Verticale ed orizzontale;Pioggia in atto;Scarso;Sufficiente;Ore Diurne;0;0;0;4;12.45303;41.82105;-1;2;Autovettura privata;In marcia / fermata / arresto;Passeggero;F;Illeso;0;;Non accertato;Inesploso
2273332;9;05/02/2015 20:50;Strada Urbana;VIA TARANTO;all'intersezione semaforizzata con;VIA POZZUOLI;VIA POZZUOLI;;;Scontro laterale fra veicoli in marcia;Intersezione semaforizzata;Una carreggiata a senso unico alternato;Bagnato (pioggia);Asfaltata;Verticale ed orizzontale;Pioggia in atto;Scarso;Sufficiente;Sufficiente;0;0;0;3;12.51238;41.88504;-1;1;Autovettura privata;In marcia / fermata / arresto;Conducente;F;Illeso;0;;Non accertato;Inesploso
2273332;9;05/02/2015 20:50;Strada Urbana;VIA TARANTO;all'intersezione semaforizzata con;VIA POZZUOLI;VIA POZZUOLI;;;Scontro laterale fra veicoli in marcia;Intersezione semaforizzata;Una carreggiata a senso unico alternato;Bagnato (pioggia);Asfaltata;Verticale ed orizzontale;Pioggia in atto;Scarso;Sufficiente;Sufficiente;0;0;0;3;12.51238;41.88504;-1;2;Autovettura privata;In marcia / fermata / arresto;Conducente;M;Illeso;0;;Non accertato;Inesploso
2273332;9;05/02/2015 20:50;Strada Urbana;VIA TARANTO;all'intersezione semaforizzata con;VIA POZZUOLI;VIA POZZUOLI;;;Scontro laterale fra veicoli in marcia;Intersezione semaforizzata;Una carreggiata a senso unico alternato;Bagnato (pioggia);Asfaltata;Verticale ed orizzontale;Pioggia in atto;Scarso;Sufficiente;Sufficiente;0;0;0;3;12.51238;41.88504;-1;2;Autovettura privata;In marcia / fermata / arresto;Passeggero;F;Illeso;0;;Non accertato;Inesploso
2273383;7;05/02/2015 18:00;Strada Urbana;VIA ACHILLE VERTUNNI;all'intersezione con;VIA PUBLIO DE TOMMASI;VIA PUBLIO DE TOMMASI;;;Tamponamento;Incrocio;Una carreggiata a doppio senso;Bagnato (pioggia);Asfaltata;Verticale ed orizzontale;Pioggia in atto;Normale;Sufficiente;Sufficiente;0;0;0;3;12.61303;41.90957;-1;1;Autocarro inferiore 35 q.;In marcia / fermata / arresto;Conducente;M;Illeso;0;;Non accertato;Inesistente
2273383;7;05/02/2015 18:00;Strada Urbana;VIA ACHILLE VERTUNNI;all'intersezione con;VIA PUBLIO DE TOMMASI;VIA PUBLIO DE TOMMASI;;;Tamponamento;Incrocio;Una carreggiata a doppio senso;Bagnato (pioggia);Asfaltata;Verticale ed orizzontale;Pioggia in atto;Normale;Sufficiente;Sufficiente;0;0;0;3;12.61303;41.90957;-1;1;Autocarro inferiore 35 q.;In marcia / fermata / arresto;Passeggero;M;Illeso;0;;Non accertato;Inesploso
2273383;7;05/02/2015 18:00;Strada Urbana;VIA ACHILLE VERTUNNI;all'intersezione con;VIA PUBLIO DE TOMMASI;VIA PUBLIO DE TOMMASI;;;Tamponamento;Incrocio;Una carreggiata a doppio senso;Bagnato (pioggia);Asfaltata;Verticale ed orizzontale;Pioggia in atto;Normale;Sufficiente;Sufficiente;0;0;0;3;12.61303;41.90957;-1;2;Autovettura privata;In marcia / fermata / arresto;Conducente;M;Illeso;0;;Non accertato;Inesploso
2273385;5;05/02/2015 12:30;Strada Urbana;VIALE DELLA SERENISSIMA;da specificare;;;;in prossimità di Via G. Andriulli;Veicolo in marcia contro ostacolo accidentale;Rettilineo;Due carreggiate;Bagnato (pioggia);Asfaltata;Verticale ed orizzontale;Pioggia in atto;Normale;Buona;Ore Diurne;0;0;0;1;12.55771;41.90327;-1;1;Autovettura privata;In marcia / fermata / arresto;Conducente;M;Illeso;0;;Non accertato;
2273387;6;05/02/2015 23:30;Strada Urbana;VIA TIBURTINA;da specificare;;;;alt. VIA SANTA MARIA DEL SOCCORSO;Veicolo in marcia contro ostacolo accidentale;Rettilineo;Una carreggiata a doppio senso;Bagnato (pioggia);Asfaltata;Assente;Pioggia in atto;Scarso;Sufficiente;Sufficiente;0;0;0;1;12.5611;41.91528;-1;1;Autovettura privata;In marcia / fermata / arresto;Conducente;M;Illeso;0;;Non accertato;Inesploso
2273393;5;05/02/2015 16:35;Strada Urbana;VIA DOMENICO DE DOMINICIS;da specificare;;;;Fonte Vicolo D'Aste;Veicolo in marcia contro veicolo in sosta;Rettilineo;Due carreggiate;Bagnato (pioggia);Asfaltata;Orizzontale;Pioggia in atto;Normale;Sufficiente;Ore Diurne;1;0;0;1;12.535;41.90114;-1;1;Autovettura privata;In marcia / fermata / arresto;Conducente;M;Illeso;0;;Non accertato;Inesploso
2273393;5;05/02/2015 16:35;Strada Urbana;VIA DOMENICO DE DOMINICIS;da specificare;;;;Fonte Vicolo D'Aste;Veicolo in marcia contro veicolo in sosta;Rettilineo;Due carreggiate;Bagnato (pioggia);Asfaltata;Orizzontale;Pioggia in atto;Normale;Sufficiente;Ore Diurne;1;0;0;1;12.535;41.90114;-1;2;Motociclo a solo;In marcia / fermata / arresto;Conducente;M;Rimandato;0;NON DECEDUTO;Non accertato;
2273399;6;05/02/2015 19:45;Strada Urbana;VIALE DELLA PRIMAVERA;da specificare;;;;F.C. 95;Veicolo in marcia contro ostacolo accidentale;Rettilineo;Due carreggiate;Bagnato (pioggia);Con buche;Verticale;Pioggia in atto;Normale;Sufficiente;Sufficiente;0;0;0;1;12.56057;41.88193;-1;1;Autovettura privata;In marcia / fermata / arresto;Conducente;M;Illeso;0;;Non accertato;Inesploso
2273404;5;05/02/2015 17:35;Strada Urbana;VIA DEI MONTI DI PIETRALATA;da specificare;;;;30 m dopo palo ACEA 28;Veicolo in marcia contro ostacolo accidentale;Rettilineo;Una carreggiata a senso unico di marcia;Bagnato (pioggia);Asfaltata;Assente;Pioggia in atto;Scarso;Sufficiente;Sufficiente;0;0;0;1;12.53188;41.9181;-1;1;Autovettura privata;In marcia / fermata / arresto;Conducente;M;Illeso;0;;Non accertato;Inesploso
2273408;11;05/02/2015 19:05;Strada Urbana;PIAZZA ODERICO DA PORDENONE;all'intersezione con;VIALE GUGLIELMO MASSAIA;VIALE GUGLIELMO MASSAIA;;;Scontro laterale fra veicoli in marcia;Rotatoria;Una carreggiata a doppio senso;Bagnato (pioggia);Asfaltata;Verticale ed orizzontale;Pioggia in atto;Normale;Buona;Sufficiente;0;0;0;2;12.49468;41.86002;-1;1;Autovettura privata;In marcia / fermata / arresto;Conducente;M;Illeso;0;;Non accertato;Inesploso
2273408;11;05/02/2015 19:05;Strada Urbana;PIAZZA ODERICO DA PORDENONE;all'intersezione con;VIALE GUGLIELMO MASSAIA;VIALE GUGLIELMO MASSAIA;;;Scontro laterale fra veicoli in marcia;Rotatoria;Una carreggiata a doppio senso;Bagnato (pioggia);Asfaltata;Verticale ed orizzontale;Pioggia in atto;Normale;Buona;Sufficiente;0;0;0;2;12.49468;41.86002;-1;2;Autovettura privata;In marcia / fermata / arresto;Conducente;M;Illeso;0;;Non accertato;Inesploso
2273411;5;05/02/2015 18:15;Strada Urbana;VIA DI VANNINA;in prossimità;;del civico n.;82;;Veicolo in marcia contro ostacolo accidentale;Rettilineo;Una carreggiata a senso unico di marcia;Bagnato (pioggia);Asfaltata;Assente;Pioggia in atto;Scarso;Insufficiente;Inesistente;0;0;0;1;12.59247;41.9309;-1;1;Autovettura privata;In marcia / fermata / arresto;Conducente;F;Illeso;0;;Non accertato;Inesistente
2273414;11;05/02/2015 22:15;Strada Urbana;VIA CRISTOFORO COLOMBO;da specificare;;;;dir.Centro alt. palo acea 141;Veicolo in marcia contro ostacolo fisso;Rettilineo;Più di due carreggiate;Bagnato (pioggia);Asfaltata;Verticale ed orizzontale;Nuvoloso;Normale;Buona;Sufficiente;0;0;0;1;12.49843;41.86107;-1;1;Autovettura privata;In marcia / fermata / arresto;Conducente;F;Illeso;0;;Non accertato;Inesploso
2273415;7;05/02/2015 19:25;Strada Urbana;VIA PUBLIO DE TOMMASI;in prossimità;;del civico n.;19;;Veicolo in marcia contro ostacolo accidentale;Rettilineo;Una carreggiata a doppio senso;Bagnato (pioggia);Con buche;Assente;Pioggia in atto;Intenso;Sufficiente;Sufficiente;0;0;0;1;12.61428;41.90977;-1;1;Autovettura privata;In marcia / fermata / arresto;Conducente;M;Illeso;0;;Non accertato;Inesploso
2273417;5;05/02/2015 18:00;Strada Urbana;VIA FILIPPO FIORENTINI;in prossimità;;del civico n.;48;;Scontro laterale fra veicoli in marcia;Rettilineo;Due carreggiate;Bagnato (pioggia);Asfaltata;Orizzontale;Pioggia in atto;Intenso;Buona;Sufficiente;0;0;0;4;12.55565;41.90919;-1;1;Autocarro inferiore 35 q.;In marcia / fermata / arresto;Conducente;M;Illeso;0;;Non accertato;Inesistente
2273417;5;05/02/2015 18:00;Strada Urbana;VIA FILIPPO FIORENTINI;in prossimità;;del civico n.;48;;Scontro laterale fra veicoli in marcia;Rettilineo;Due carreggiate;Bagnato (pioggia);Asfaltata;Orizzontale;Pioggia in atto;Intenso;Buona;Sufficiente;0;0;0;4;12.55565;41.90919;-1;2;Autovettura privata;In marcia / fermata / arresto;Conducente;F;Illeso;0;;Non accertato;Inesistente
2273417;5;05/02/2015 18:00;Strada Urbana;VIA FILIPPO FIORENTINI;in prossimità;;del civico n.;48;;Scontro laterale fra veicoli in marcia;Rettilineo;Due carreggiate;Bagnato (pioggia);Asfaltata;Orizzontale;Pioggia in atto;Intenso;Buona;Sufficiente;0;0;0;4;12.55565;41.90919;-1;2;Autovettura privata;In marcia / fermata / arresto;Passeggero;F;Illeso;0;;Non accertato;Inesistente
2273417;5;05/02/2015 18:00;Strada Urbana;VIA FILIPPO FIORENTINI;in prossimità;;del civico n.;48;;Scontro laterale fra veicoli in marcia;Rettilineo;Due carreggiate;Bagnato (pioggia);Asfaltata;Orizzontale;Pioggia in atto;Intenso;Buona;Sufficiente;0;0;0;4;12.55565;41.90919;-1;2;Autovettura privata;In marcia / fermata / arresto;Passeggero;M;Illeso;0;;Non accertato;Inesistente
2273453;5;05/02/2015 20:25;Strada Urbana;VIALE PALMIRO TOGLIATTI;in prossimità;;del palo luce n.;86;;Veicolo in marcia contro ostacolo accidentale;Rettilineo;Due carreggiate;Bagnato (umidità in atto);Asfaltata;Verticale ed orizzontale;Nuvoloso;Normale;Sufficiente;Sufficiente;0;0;0;1;12.57247;41.9086;-1;1;Autovettura privata;In marcia / fermata / arresto;Conducente;M;Illeso;0;;Non accertato;
2273454;7;05/02/2015 18:20;Strada Urbana;VIA DI TOR TRE TESTE;all'intersezione con;VIA PIETRO SANGUINETTI;VIA PIETRO SANGUINETTI;;;Veicolo in marcia contro ostacolo accidentale;Incrocio;Una carreggiata a doppio senso;Bagnato (pioggia);Strada pavimentata dissestata;Verticale ed orizzontale;Pioggia in atto;Normale;Sufficiente;Sufficiente;0;0;0;1;12.59156;41.88165;-1;1;Autovettura privata;In marcia / fermata / arresto;Conducente;M;Illeso;0;;Non accertato;Inesploso
2273458;5;05/02/2015 20:26;Strada Urbana;VIALE PALMIRO TOGLIATTI;in prossimità;;del palo luce n.;86;;Veicolo in marcia contro ostacolo accidentale;Rettilineo;Due carreggiate;Bagnato (umidità in atto);Asfaltata;Verticale ed orizzontale;Nuvoloso;Normale;Sufficiente;Sufficiente;0;0;0;1;12.57245;41.90877;-1;1;Motociclo a solo;In marcia / fermata / arresto;Conducente;M;Illeso;0;;Non accertato;
2273459;11;06/02/2015 01:00;Strada Urbana;VIALE GUGLIELMO MARCONI;in corrispondenza;;del palo luce n.;89;;Veicolo in marcia contro ostacolo fisso;Rettilineo;Due carreggiate;Bagnato (umidità in atto);Asfaltata;Verticale ed orizzontale;Pioggia in atto;Scarso;Buona;Sufficiente;0;0;0;1;12.47382;41.85066;-1;1;Autovettura privata;In marcia / fermata / arresto;Conducente;M;Illeso;0;;Non accertato;
2273463;9;06/02/2015 01:50;Strada Urbana;CIRCONVALLAZIONE APPIA;all'intersezione semaforizzata con;VIA NUMANZIA;VIA NUMANZIA;;;Scontro frontale/laterale SX fra veicoli in marcia;Incrocio;Una carreggiata a doppio senso;Bagnato (pioggia);Asfaltata;Verticale ed orizzontale;Pioggia in atto;Scarso;Buona;Sufficiente;1;0;0;1;12.51158;41.87437;-1;1;Autocarro inferiore 35 q.;In marcia / fermata / arresto;Conducente;M;Illeso;0;;Non accertato;Inesploso
2273463;9;06/02/2015 01:50;Strada Urbana;CIRCONVALLAZIONE APPIA;all'intersezione semaforizzata con;VIA NUMANZIA;VIA NUMANZIA;;;Scontro frontale/laterale SX fra veicoli in marcia;Incrocio;Una carreggiata a doppio senso;Bagnato (pioggia);Asfaltata;Verticale ed orizzontale;Pioggia in atto;Scarso;Buona;Sufficiente;1;0;0;1;12.51158;41.87437;-1;2;Autovettura privata;In marcia / fermata / arresto;Conducente;F;Rimandato;0;NON DECEDUTO;Non accertato;Inesploso
2273464;5;05/02/2015 20:27;Strada Urbana;VIALE PALMIRO TOGLIATTI;in prossimità;;del palo luce n.;86;;Veicolo in marcia contro ostacolo accidentale;Rettilineo;Due carreggiate;Bagnato (umidità in atto);Asfaltata;Verticale ed orizzontale;Nuvoloso;Normale;Sufficiente;Sufficiente;0;0;0;1;12.57245;41.90877;-1;1;Autovettura privata;In marcia / fermata / arresto;Conducente;M;Illeso;0;;Non accertato;Inesistente
2273468;15;05/02/2015 13:00;Strada Urbana;VIA DEGLI IRLANDESI;in corrispondenza;;del civico n.;46;;Veicolo in marcia contro veicolo in sosta;Rettilineo;Una carreggiata a senso unico di marcia;Bagnato (pioggia);Asfaltata;Orizzontale;Pioggia in atto;Scarso;Buona;Ore Diurne;0;0;0;1;12.45028;41.85793;-1;1;Autovettura privata;In marcia / fermata / arresto;Conducente;M;Illeso;0;;;
2273469;5;05/02/2015 20:28;Strada Urbana;VIALE PALMIRO TOGLIATTI;in prossimità;;del palo luce n.;86;;Veicolo in marcia contro ostacolo accidentale;Rettilineo;Due carreggiate;Bagnato (umidità in atto);Asfaltata;Verticale ed orizzontale;Nuvoloso;Normale;Sufficiente;Sufficiente;0;0;0;1;12.57245;41.90877;-1;1;Autovettura privata;In marcia / fermata / arresto;Conducente;M;Illeso;0;;Non accertato;Inesploso
2273474;5;05/02/2015 20:29;Strada Urbana;VIALE PALMIRO TOGLIATTI;in prossimità;;del palo luce n.;86;;Veicolo in marcia contro ostacolo accidentale;Rettilineo;Due carreggiate;Bagnato (umidità in atto);Asfaltata;Verticale ed orizzontale;Nuvoloso;Normale;Sufficiente;Sufficiente;0;0;0;1;12.57245;41.90877;-1;1;Autovettura privata;In marcia / fermata / arresto;Conducente;M;Illeso;0;;Non accertato;Inesistente
2273475;8;05/02/2015 15:15;Strada Urbana;VIA COLLATINA;da specificare;;;;in prox. palo luce 485 dir. Via Rosatelli;Veicolo in marcia contro ostacolo accidentale;Rettilineo;Una carreggiata a doppio senso;Bagnato (pioggia);Asfaltata;Verticale ed orizzontale;Pioggia in atto;Normale;Buona;Ore Diurne;0;0;0;1;12.66347;41.92167;-1;1;Autovettura privata;In marcia / fermata / arresto;Conducente;M;Illeso;0;;Non accertato;Inesploso
2273477;7;05/02/2015 17:45;Strada Urbana;VIA PRENESTINA;in corrispondenza;;del civico n.;1072;;Veicolo in marcia contro ostacolo accidentale;Rettilineo;Una carreggiata a doppio senso;Bagnato (pioggia);Asfaltata;Orizzontale;Pioggia in atto;Normale;Sufficiente;Sufficiente;0;0;0;1;12.61245;41.89311;-1;1;Autovettura privata;In marcia / fermata / arresto;Conducente;F;Illeso;0;;Non accertato;Inesploso
2273478;5;05/02/2015 20:30;Strada Urbana;VIALE PALMIRO TOGLIATTI;in prossimità;;del palo luce n.;86;;Veicolo in marcia contro ostacolo accidentale;Rettilineo;Due carreggiate;Bagnato (umidità in atto);Asfaltata;Verticale ed orizzontale;Nuvoloso;Normale;Sufficiente;Sufficiente;0;0;0;1;12.57249;41.9089;-1;1;Autocarro inferiore 35 q.;In marcia / fermata / arresto;Conducente;F;Illeso;0;;Non accertato;
2273479;8;05/02/2015 16:30;Strada Urbana;VIA COLLATINA;da specificare;;;;in prox palo luce 485 dir. Via Rosatelli;Veicolo in marcia contro ostacolo accidentale;Rettilineo;Una carreggiata a doppio senso;Bagnato (pioggia);Asfaltata;Verticale ed orizzontale;Pioggia in atto;Normale;Buona;Ore Diurne;0;0;0;1;12.66285;41.92147;-1;1;Autovettura privata;In marcia / fermata / arresto;Conducente;M;Illeso;0;;Non accertato;Inesploso
2273480;15;05/02/2015 18:30;Strada Urbana;VIA DELLA PISANA;in prossimità;;del civico n.;427/a;;Veicolo in marcia contro ostacolo accidentale;Rettilineo;Una carreggiata a doppio senso;Bagnato (pioggia);Asfaltata;Verticale;Pioggia in atto;Normale;Buona;Sufficiente;0;0;0;2;12.40506;41.86262;-1;1;Autovettura di polizia;In marcia / fermata / arresto;Conducente;M;Illeso;0;;;
2273480;15;05/02/2015 18:30;Strada Urbana;VIA DELLA PISANA;in prossimità;;del civico n.;427/a;;Veicolo in marcia contro ostacolo accidentale;Rettilineo;Una carreggiata a doppio senso;Bagnato (pioggia);Asfaltata;Verticale;Pioggia in atto;Normale;Buona;Sufficiente;0;0;0;2;12.40506;41.86262;-1;1;Autovettura di polizia;In marcia / fermata / arresto;Passeggero;M;Illeso;0;;;
2273483;8;05/02/2015 16:31;Strada Urbana;VIA COLLATINA;da specificare;;;;in prox del palo luce 485 dir. Via Rosatelli;Veicolo in marcia contro ostacolo accidentale;Rettilineo;Una carreggiata a doppio senso;Bagnato (pioggia);Asfaltata;Verticale ed orizzontale;Pioggia in atto;Normale;Buona;Ore Diurne;0;0;0;1;12.6631;41.92156;-1;1;Autovettura privata;In marcia / fermata / arresto;Conducente;F;Illeso;0;;Non accertato;Inesploso
2273484;8;05/02/2015 16:15;Strada Urbana;VIA DI TORRENOVA;in corrispondenza;;del civico n.;641;;Scontro frontale/laterale SX fra veicoli in marcia;Rettilineo;Una carreggiata a doppio senso;Bagnato (pioggia);Asfaltata;Assente;Pioggia in atto;Normale;Buona;Ore Diurne;0;0;0;5;12.62191;41.89011;-1;1;Autovettura privata;In marcia / fermata / arresto;Conducente;M;Illeso;0;;Non accertato;Inesploso
2273484;8;05/02/2015 16:15;Strada Urbana;VIA DI TORRENOVA;in corrispondenza;;del civico n.;641;;Scontro frontale/laterale SX fra veicoli in marcia;Rettilineo;Una carreggiata a doppio senso;Bagnato (pioggia);Asfaltata;Assente;Pioggia in atto;Normale;Buona;Ore Diurne;0;0;0;5;12.62191;41.89011;-1;1;Autovettura privata;In marcia / fermata / arresto;Passeggero;F;Illeso;0;;Non accertato;Inesploso
2273484;8;05/02/2015 16:15;Strada Urbana;VIA DI TORRENOVA;in corrispondenza;;del civico n.;641;;Scontro frontale/laterale SX fra veicoli in marcia;Rettilineo;Una carreggiata a doppio senso;Bagnato (pioggia);Asfaltata;Assente;Pioggia in atto;Normale;Buona;Ore Diurne;0;0;0;5;12.62191;41.89011;-1;1;Autovettura privata;In marcia / fermata / arresto;Passeggero;M;Illeso;0;;Non accertato;Inesploso
2273484;8;05/02/2015 16:15;Strada Urbana;VIA DI TORRENOVA;in corrispondenza;;del civico n.;641;;Scontro frontale/laterale SX fra veicoli in marcia;Rettilineo;Una carreggiata a doppio senso;Bagnato (pioggia);Asfaltata;Assente;Pioggia in atto;Normale;Buona;Ore Diurne;0;0;0;5;12.62191;41.89011;-1;2;Autovettura privata;In marcia / fermata / arresto;Conducente;M;Illeso;0;;Non accertato;Inesploso
2273484;8;05/02/2015 16:15;Strada Urbana;VIA DI TORRENOVA;in corrispondenza;;del civico n.;641;;Scontro frontale/laterale SX fra veicoli in marcia;Rettilineo;Una carreggiata a doppio senso;Bagnato (pioggia);Asfaltata;Assente;Pioggia in atto;Normale;Buona;Ore Diurne;0;0;0;5;12.62191;41.89011;-1;2;Autovettura privata;In marcia / fermata / arresto;Passeggero;M;Illeso;0;;Non accertato;Inesploso
2273489;8;05/02/2015 18:15;Strada Urbana;VIA CASILINA;all'intersezione con;VIA DI GROTTE CELONI;VIA DI GROTTE CELONI;;;Veicolo in marcia contro ostacolo accidentale;Incrocio;Due carreggiate;Bagnato (pioggia);Asfaltata;Orizzontale;Pioggia in atto;Normale;Sufficiente;Sufficiente;0;0;0;1;12.64183;41.86279;-1;1;Autovettura privata;In marcia / fermata / arresto;Conducente;M;Illeso;0;;Non accertato;Inesploso
2273491;8;05/02/2015 18:30;Strada Urbana;VIA DI TORRENOVA;da specificare;;;;altezza via Calimera;Veicolo in marcia contro ostacolo accidentale;Rettilineo;Una carreggiata a doppio senso;Bagnato (pioggia);Con buche;Verticale ed orizzontale;Pioggia in atto;Normale;Sufficiente;Sufficiente;0;0;0;1;12.62022;41.88663;-1;1;Autovettura privata;In marcia / fermata / arresto;Conducente;M;Illeso;0;;Non accertato;Inesploso
2273492;15;05/02/2015 18:40;Strada Urbana;VIA DELLA PISANA;in prossimità;;del civico n.;427/A;;Veicolo in marcia contro ostacolo accidentale;Rettilineo;Una carreggiata a doppio senso;Bagnato (pioggia);Strada pavimentata dissestata;Orizzontale;Pioggia in atto;Normale;Buona;Ore Diurne;0;0;0;1;12.40523;41.85865;-1;1;Autovettura privata;In marcia / fermata / arresto;Conducente;M;Illeso;0;;Utilizzato;
2273493;8;05/02/2015 18:45;Strada Urbana;VIA DI TORRENOVA;da specificare;;;;altezza VIA CALIMERA;Veicolo in marcia contro ostacolo accidentale;Rettilineo;Una carreggiata a doppio senso;Bagnato (pioggia);Con buche;Verticale ed orizzontale;Pioggia in atto;Normale;Sufficiente;Sufficiente;0;0;0;1;12.62028;41.8867;-1;1;Autovettura privata;In marcia / fermata / arresto;Conducente;M;Illeso;0;;Non accertato;Inesploso
2273495;7;05/02/2015 17:35;Strada Urbana;VIA PRENESTINA;in prossimità;;del civico n.;1072;;Veicolo in marcia contro ostacolo accidentale;Rettilineo;Una carreggiata a doppio senso;Bagnato (pioggia);Asfaltata;Orizzontale;Pioggia in atto;Normale;Sufficiente;Sufficiente;0;0;0;1;12.61245;41.89311;-1;1;Autovettura privata;In marcia / fermata / arresto;Conducente;F;Illeso;0;;Non accertato;Inesploso
2273497;8;24/02/2015 13:30;Strada Urbana;VIA DI TOR BELLA MONACA;da specificare;;;;fronte  VIA D. CAMBELLOTTI;Scontro laterale fra veicoli in marcia;Rettilineo;Due carreggiate;Bagnato (umidità in atto);Asfaltata;Verticale ed orizzontale;Nuvoloso;Normale;Buona;Ore Diurne;0;0;0;3;12.62813;41.87636;-1;1;Motociclo a solo;In marcia / fermata / arresto;Conducente;M;Illeso;0;;Non accertato;
2273497;8;24/02/2015 13:30;Strada Urbana;VIA DI TOR BELLA MONACA;da specificare;;;;fronte  VIA D. CAMBELLOTTI;Scontro laterale fra veicoli in marcia;Rettilineo;Due carreggiate;Bagnato (umidità in atto);Asfaltata;Verticale ed orizzontale;Nuvoloso;Normale;Buona;Ore Diurne;0;0;0;3;12.62813;41.87636;-1;2;Autovettura privata;In marcia / fermata / arresto;Conducente;F;Illeso;0;;Non accertato;Inesploso
2273497;8;24/02/2015 13:30;Strada Urbana;VIA DI TOR BELLA MONACA;da specificare;;;;fronte  VIA D. CAMBELLOTTI;Scontro laterale fra veicoli in marcia;Rettilineo;Due carreggiate;Bagnato (umidità in atto);Asfaltata;Verticale ed orizzontale;Nuvoloso;Normale;Buona;Ore Diurne;0;0;0;3;12.62813;41.87636;-1;2;Autovettura privata;In marcia / fermata / arresto;Passeggero;F;Illeso;0;;Non accertato;Inesploso
2273502;8;05/02/2015 21:00;Strada Urbana;VIA DI TORRENOVA;in corrispondenza;;del civico n.;271;;Veicolo in marcia contro ostacolo accidentale;Rettilineo;Una carreggiata a doppio senso;Bagnato (pioggia);Asfaltata;Orizzontale;Nuvoloso;Normale;Sufficiente;Sufficiente;0;0;0;2;12.61703;41.88125;-1;1;Autovettura privata;In marcia / fermata / arresto;Conducente;F;Illeso;0;;Non accertato;Inesploso
2273502;8;05/02/2015 21:00;Strada Urbana;VIA DI TORRENOVA;in corrispondenza;;del civico n.;271;;Veicolo in marcia contro ostacolo accidentale;Rettilineo;Una carreggiata a doppio senso;Bagnato (pioggia);Asfaltata;Orizzontale;Nuvoloso;Normale;Sufficiente;Sufficiente;0;0;0;2;12.61703;41.88125;-1;1;Autovettura privata;In marcia / fermata / arresto;Passeggero;F;Illeso;0;;Non accertato;Inesploso