Protocollo;Gruppo;DataOraIncidente;Localizzazione1;STRADA1;Localizzazione2;STRADA2;Strada02;Chilometrica;DaSpecificare;NaturaIncidente;particolaritastrade;TipoStrada;FondoStradale;Pavimentazione;Segnaletica;CondizioneAtmosferica;Traffico;Visibilita;Illuminazione;NUM_FERITI;NUM_RISERVATA;NUM_MORTI;NUM_ILLESI;Longitudine;Latitudine;Confermato;Progressivo;TipoVeicolo;StatoVeicolo;TipoPersona;Sesso;Tipolesione;Deceduto;DecedutoDopo;CinturaCascoUtilizzato;Airbag
2277665;19;09/02/2015 10:30;Strada Urbana;VIA BRACCIANENSE;in corrispondenza;;della chilometrica;2.4;;Veicolo in marcia contro ostacolo accidentale;Rettilineo;Una carreggiata a doppio senso;Asciutto;Asfaltata;Verticale ed orizzontale;Sereno;Normale;Buona;Ore Diurne;0;0;0;3;12.30933;42.03633;-1;1;Autovettura privata;In marcia / fermata / arresto;Conducente;M;Illeso;0;;Non accertato;
2277665;19;09/02/2015 10:30;Strada Urbana;VIA BRACCIANENSE;in corrispondenza;;della chilometrica;2.4;;Veicolo in marcia contro ostacolo accidentale;Rettilineo;Una carreggiata a doppio senso;Asciutto;Asfaltata;Verticale ed orizzontale;Sereno;Normale;Buona;Ore Diurne;0;0;0;3;12.30933;42.03633;-1;1;Autovettura privata;In marcia / fermata / arresto;Passeggero;F;Illeso;0;;;
2277674;4;09/02/2015 15:20;Provinciale;VIA NOMENTANA;da specificare;;;;KM 14.400 direzione fuori Roma;Tamponamento Multiplo;Rettilineo;Una carreggiata a doppio senso;Asciutto;Asfaltata;Verticale ed orizzontale;Sereno;Intenso;Buona;Ore Diurne;1;0;0;2;12.58026;41.95765;-1;1;Autovettura privata;In marcia / fermata / arresto;Conducente;M;Illeso;0;;Non accertato;
2277674;4;09/02/2015 15:20;Provinciale;VIA NOMENTANA;da specificare;;;;KM 14.400 direzione fuori Roma;Tamponamento Multiplo;Rettilineo;Una carreggiata a doppio senso;Asciutto;Asfaltata;Verticale ed orizzontale;Sereno;Intenso;Buona;Ore Diurne;1;0;0;2;12.58026;41.95765;-1;2;Motociclo a solo;In marcia / fermata / arresto;Conducente;F;Rimandato;0;NON DECEDUTO;Non accertato;
2277674;4;09/02/2015 15:20;Provinciale;VIA NOMENTANA;da specificare;;;;KM 14.400 direzione fuori Roma;Tamponamento Multiplo;Rettilineo;Una carreggiata a doppio senso;Asciutto;Asfaltata;Verticale ed orizzontale;Sereno;Intenso;Buona;Ore Diurne;1;0;0;2;12.58026;41.95765;-1;3;Autovettura privata;In marcia / fermata / arresto;Conducente;M;Illeso;0;;Non accertato;
2277680;19;09/02/2015 18:30;Strada Urbana;VIA MATTIA BATTISTINI;in prossimità;;del civico n.;246;;Tamponamento Multiplo;Rettilineo;Una carreggiata a doppio senso;Asciutto;Asfaltata;Verticale ed orizzontale;Sereno;Normale;Buona;Sufficiente;4;0;0;2;12.41843;41.9166;-1;1;Autovettura privata;In marcia / fermata / arresto;Conducente;F;Rifiuta cure immediate;0;NON DECEDUTO;Non accertato;Inesploso
2277680;19;09/02/2015 18:30;Strada Urbana;VIA MATTIA BATTISTINI;in prossimità;;del civico n.;246;;Tamponamento Multiplo;Rettilineo;Una carreggiata a doppio senso;Asciutto;Asfaltata;Verticale ed orizzontale;Sereno;Normale;Buona;Sufficiente;4;0;0;2;12.41843;41.9166;-1;1;Autovettura privata;In marcia / fermata / arresto;Passeggero;F;Rimandato;0;NON DECEDUTO;Non accertato;Inesploso
2277680;19;09/02/2015 18:30;Strada Urbana;VIA MATTIA BATTISTINI;in prossimità;;del civico n.;246;;Tamponamento Multiplo;Rettilineo;Una carreggiata a doppio senso;Asciutto;Asfaltata;Verticale ed orizzontale;Sereno;Normale;Buona;Sufficiente;4;0;0;2;12.41843;41.9166;-1;1;Autovettura privata;In marcia / fermata / arresto;Passeggero;F;Rifiuta cure immediate;0;NON DECEDUTO;Non accertato;Inesploso
2277680;19;09/02/2015 18:30;Strada Urbana;VIA MATTIA BATTISTINI;in prossimità;;del civico n.;246;;Tamponamento Multiplo;Rettilineo;Una carreggiata a doppio senso;Asciutto;Asfaltata;Verticale ed orizzontale;Sereno;Normale;Buona;Sufficiente;4;0;0;2;12.41843;41.9166;-1;1;Autovettura privata;In marcia / fermata / arresto;Passeggero;M;Rimandato;0;NON DECEDUTO;Non accertato;Inesploso
2277680;19;09/02/2015 18:30;Strada Urbana;VIA MATTIA BATTISTINI;in prossimità;;del civico n.;246;;Tamponamento Multiplo;Rettilineo;Una carreggiata a doppio senso;Asciutto;Asfaltata;Verticale ed orizzontale;Sereno;Normale;Buona;Sufficiente;4;0;0;2;12.41843;41.9166;-1;2;Autovettura privata;In marcia / fermata / arresto;Conducente;M;Illeso;0;;Non accertato;Inesploso
2277680;19;09/02/2015 18:30;Strada Urbana;VIA MATTIA BATTISTINI;in prossimità;;del civico n.;246;;Tamponamento Multiplo;Rettilineo;Una carreggiata a doppio senso;Asciutto;Asfaltata;Verticale ed orizzontale;Sereno;Normale;Buona;Sufficiente;4;0;0;2;12.41843;41.9166;-1;3;Autovettura privata;In marcia / fermata / arresto;Conducente;M;Illeso;0;;Non accertato;Inesploso
2277682;17;08/02/2015 22:15;Strada Urbana;VIA CRESCENZIO;da specificare;;;;altezza Via Varrone;Veicolo in marcia contro veicolo in sosta;Rettilineo;Una carreggiata a doppio senso;Asciutto;In cubetti di porfido;Verticale ed orizzontale;Sereno;Scarso;Buona;Sufficiente;1;0;0;0;12.46022;41.90604;-1;1;Autovettura privata;In marcia / fermata / arresto;Conducente;F;Rifiuta cure immediate;0;NON DECEDUTO;Non accertato;Esploso
2277688;13;09/02/2015 11:30;Strada Urbana;VIALE PAOLO ORLANDO;in prossimità;;del civico n.;34;;Veicolo in marcia contro ostacolo accidentale;Rettilineo;Due carreggiate;Asciutto;Asfaltata;Verticale;Sereno;Scarso;Buona;Sufficiente;0;0;0;2;12.28459;41.73118;-1;1;Autovettura privata;In marcia / fermata / arresto;Conducente;F;Illeso;0;;Non accertato;Inesploso
2277688;13;09/02/2015 11:30;Strada Urbana;VIALE PAOLO ORLANDO;in prossimità;;del civico n.;34;;Veicolo in marcia contro ostacolo accidentale;Rettilineo;Due carreggiate;Asciutto;Asfaltata;Verticale;Sereno;Scarso;Buona;Sufficiente;0;0;0;2;12.28459;41.73118;-1;1;Autovettura privata;In marcia / fermata / arresto;Passeggero;F;Illeso;0;;Non accertato;Inesploso
2277697;18;05/02/2015 10:00;Strada Urbana;LARGO DI BOCCEA;in prossimità;;del civico n.;11;;Investimento di pedone;Rettilineo;Una carreggiata a doppio senso;Bagnato (pioggia);Asfaltata;Verticale ed orizzontale;Pioggia in atto;Normale;Sufficiente;Ore Diurne;1;0;0;1;12.4267;41.90152;-1;;;;Pedone;F;Ricoverato;0;NON DECEDUTO;;
2277697;18;05/02/2015 10:00;Strada Urbana;LARGO DI BOCCEA;in prossimità;;del civico n.;11;;Investimento di pedone;Rettilineo;Una carreggiata a doppio senso;Bagnato (pioggia);Asfaltata;Verticale ed orizzontale;Pioggia in atto;Normale;Sufficiente;Ore Diurne;1;0;0;1;12.4267;41.90152;-1;1;Autovettura privata;In marcia / fermata / arresto;Conducente;F;Illeso;0;;Non accertato;Inesploso
2277699;19;09/02/2015 05:30;Strada Urbana;VIALE DELLO STADIO OLIMPICO;da specificare;;;;PALO LUCE N.55;Infortunio per caduta del veicolo;Rettilineo;Una carreggiata a senso unico di marcia;Asciutto;Asfaltata;Orizzontale;Vento forte;Scarso;Buona;Sufficiente;1;0;0;0;12.45417;41.9299;-1;1;Motociclo a solo;In marcia / fermata / arresto;Conducente;M;Rifiuta cure immediate;0;NON DECEDUTO;Non accertato;
2277706;12;09/02/2015 14:30;Strada Urbana;VIA DI TRIGORIA;da specificare;;;;prossimità VIA PONTINA;Veicolo in marcia contro ostacolo fisso;Curva a visuale libera;Una carreggiata a doppio senso;Asciutto;Con buche;Verticale;Sereno;Normale;Buona;Ore Diurne;0;0;0;3;12.45191;41.71766;-1;1;Autovettura privata;In marcia / fermata / arresto;Conducente;F;Illeso;0;;Non accertato;Inesploso
2277706;12;09/02/2015 14:30;Strada Urbana;VIA DI TRIGORIA;da specificare;;;;prossimità VIA PONTINA;Veicolo in marcia contro ostacolo fisso;Curva a visuale libera;Una carreggiata a doppio senso;Asciutto;Con buche;Verticale;Sereno;Normale;Buona;Ore Diurne;0;0;0;3;12.45191;41.71766;-1;1;Autovettura privata;In marcia / fermata / arresto;Passeggero;M;Illeso;0;;Utilizzato;Inesploso
2277706;12;09/02/2015 14:30;Strada Urbana;VIA DI TRIGORIA;da specificare;;;;prossimità VIA PONTINA;Veicolo in marcia contro ostacolo fisso;Curva a visuale libera;Una carreggiata a doppio senso;Asciutto;Con buche;Verticale;Sereno;Normale;Buona;Ore Diurne;0;0;0;3;12.45191;41.71766;-1;1;Autovettura privata;In marcia / fermata / arresto;Passeggero;M;Illeso;0;;Utilizzato;Inesploso
2277707;19;09/02/2015 07:45;Strada Urbana;VIA DI TORREVECCHIA;in prossimità;;del civico n.;212;;Veicolo in marcia contro veicolo arresto;Rettilineo;Una carreggiata a doppio senso;Ghiacciato;Asfaltata;Orizzontale;Sereno;Intenso;Buona;Ore Diurne;1;0;0;1;12.41845;41.93034;-1;1;Motociclo a solo;In marcia / fermata / arresto;Conducente;F;Rimandato;0;NON DECEDUTO;Non accertato;
2277707;19;09/02/2015 07:45;Strada Urbana;VIA DI TORREVECCHIA;in prossimità;;del civico n.;212;;Veicolo in marcia contro veicolo arresto;Rettilineo;Una carreggiata a doppio senso;Ghiacciato;Asfaltata;Orizzontale;Sereno;Intenso;Buona;Ore Diurne;1;0;0;1;12.41845;41.93034;-1;2;Autovettura privata;In marcia / fermata / arresto;Conducente;M;Illeso;0;;Non accertato;Inesploso
2277717;18;05/02/2015 18:40;Strada Urbana;VIA DI BOCCEA;in prossimità;;del civico n.;210;;Investimento di pedone;Rettilineo;Una carreggiata a doppio senso;Bagnato (pioggia);Asfaltata;Verticale ed orizzontale;Pioggia in atto;Intenso;Sufficiente;Sufficiente;1;0;0;6;12.42185;41.90329;-1;;;;Pedone;F;Rimandato;0;NON DECEDUTO;;
2277717;18;05/02/2015 18:40;Strada Urbana;VIA DI BOCCEA;in prossimità;;del civico n.;210;;Investimento di pedone;Rettilineo;Una carreggiata a doppio senso;Bagnato (pioggia);Asfaltata;Verticale ed orizzontale;Pioggia in atto;Intenso;Sufficiente;Sufficiente;1;0;0;6;12.42185;41.90329;-1;1;Motociclo a solo;In marcia / fermata / arresto;Conducente;M;Illeso;0;;Non accertato;
2277717;18;05/02/2015 18:40;Strada Urbana;VIA DI BOCCEA;in prossimità;;del civico n.;210;;Investimento di pedone;Rettilineo;Una carreggiata a doppio senso;Bagnato (pioggia);Asfaltata;Verticale ed orizzontale;Pioggia in atto;Intenso;Sufficiente;Sufficiente;1;0;0;6;12.42185;41.90329;-1;2;Autovettura privata;In marcia / fermata / arresto;Conducente;M;Illeso;0;;Non accertato;Inesploso
2277717;18;05/02/2015 18:40;Strada Urbana;VIA DI BOCCEA;in prossimità;;del civico n.;210;;Investimento di pedone;Rettilineo;Una carreggiata a doppio senso;Bagnato (pioggia);Asfaltata;Verticale ed orizzontale;Pioggia in atto;Intenso;Sufficiente;Sufficiente;1;0;0;6;12.42185;41.90329;-1;2;Autovettura privata;In marcia / fermata / arresto;Passeggero;M;Illeso;0;;Non accertato;Inesploso
2277717;18;05/02/2015 18:40;Strada Urbana;VIA DI BOCCEA;in prossimità;;del civico n.;210;;Investimento di pedone;Rettilineo;Una carreggiata a doppio senso;Bagnato (pioggia);Asfaltata;Verticale ed orizzontale;Pioggia in atto;Intenso;Sufficiente;Sufficiente;1;0;0;6;12.42185;41.90329;-1;2;Autovettura privata;In marcia / fermata / arresto;Passeggero;M;Illeso;0;;Non accertato;Inesploso
2277717;18;05/02/2015 18:40;Strada Urbana;VIA DI BOCCEA;in prossimità;;del civico n.;210;;Investimento di pedone;Rettilineo;Una carreggiata a doppio senso;Bagnato (pioggia);Asfaltata;Verticale ed orizzontale;Pioggia in atto;Intenso;Sufficiente;Sufficiente;1;0;0;6;12.42185;41.90329;-1;2;Autovettura privata;In marcia / fermata / arresto;Passeggero;F;Illeso;0;;Non accertato;Inesploso
2277717;18;05/02/2015 18:40;Strada Urbana;VIA DI BOCCEA;in prossimità;;del civico n.;210;;Investimento di pedone;Rettilineo;Una carreggiata a doppio senso;Bagnato (pioggia);Asfaltata;Verticale ed orizzontale;Pioggia in atto;Intenso;Sufficiente;Sufficiente;1;0;0;6;12.42185;41.90329;-1;2;Autovettura privata;In marcia / fermata / arresto;Passeggero;F;Illeso;0;;Non accertato;Inesploso
2277730;20;09/02/2015 08:00;Strada Urbana;VIA ANTONIO PETITO;all'intersezione con;VIA BRACCIANENSE NUOVA;VIA BRACCIANENSE NUOVA;;;Veicolo in marcia contro ostacolo accidentale;Intersezione non regolata/non segnalata;Una carreggiata a doppio senso;Bagnato (umidità in atto);Asfaltata;Verticale ed orizzontale;Sereno;Scarso;Buona;Ore Diurne;1;0;0;0;12.37782;42.00933;-1;1;Motociclo a solo;In marcia / fermata / arresto;Conducente;M;Rimandato;0;NON DECEDUTO;Non accertato;
2277731;4;09/02/2015 14:20;Strada Urbana;VIA DELLE ALPI APUANE;all'intersezione con;PIAZZA MONTE TUFONE;PIAZZA MONTE TUFONE;;;Tamponamento;Incrocio;Una carreggiata a doppio senso;Asciutto;Asfaltata;Orizzontale;Sereno;Scarso;Buona;Ore Diurne;0;0;0;2;12.53679;41.9372;-1;1;Autovettura privata;In marcia / fermata / arresto;Conducente;M;Illeso;0;;Non accertato;
2277731;4;09/02/2015 14:20;Strada Urbana;VIA DELLE ALPI APUANE;all'intersezione con;PIAZZA MONTE TUFONE;PIAZZA MONTE TUFONE;;;Tamponamento;Incrocio;Una carreggiata a doppio senso;Asciutto;Asfaltata;Orizzontale;Sereno;Scarso;Buona;Ore Diurne;0;0;0;2;12.53679;41.9372;-1;2;Autovettura privata;In marcia / fermata / arresto;Conducente;M;Illeso;0;;Non accertato;
2277733;19;09/02/2015 18:00;Strada Urbana;VIA LINAROLO;in prossimità;;del civico n.;25;;Investimento di pedone;Rettilineo;Una carreggiata a doppio senso;Asciutto;Asfaltata;Assente;Sereno;Scarso;Buona;Sufficiente;1;0;0;1;12.38423;41.94685;-1;;;;Pedone;F;Rimandato;0;NON DECEDUTO;;
2277733;19;09/02/2015 18:00;Strada Urbana;VIA LINAROLO;in prossimità;;del civico n.;25;;Investimento di pedone;Rettilineo;Una carreggiata a doppio senso;Asciutto;Asfaltata;Assente;Sereno;Scarso;Buona;Sufficiente;1;0;0;1;12.38423;41.94685;-1;1;Autovettura privata;In marcia / fermata / arresto;Conducente;M;Illeso;0;;Non accertato;Inesploso
2277742;13;09/02/2015 11:40;Strada Urbana;VIA MAR DEI CORALLI;da specificare;;;;PROSSIMITA' via G. PASSERONI;Veicolo in marcia contro ostacolo accidentale;Rettilineo;Una carreggiata a doppio senso;Asciutto;Con buche;Assente;Sereno;Normale;Buona;Ore Diurne;0;0;0;1;12.30001;41.73071;-1;1;Autovettura privata;In marcia / fermata / arresto;Conducente;F;Illeso;0;;Non accertato;Inesploso
2277752;12;09/02/2015 16:00;Strada Urbana;VIA DI TRIGORIA;da specificare;;;;100 mt dopo P.le Dino Viola direz. Pontina;Veicolo in marcia contro ostacolo accidentale;Rettilineo;Una carreggiata a doppio senso;Asciutto;Asfaltata;Verticale;Sereno;Normale;Buona;Ore Diurne;0;0;0;1;12.45688;41.72221;-1;1;Autovettura privata;In marcia / fermata / arresto;Conducente;M;Illeso;0;;Non accertato;Inesploso
2277760;8;07/02/2015 20:30;Strada Urbana;VIA PRENESTINA;da specificare;;;;pross. civ. 12/a;Veicolo in marcia contro ostacolo accidentale;Rettilineo;Una carreggiata a doppio senso;Asciutto;Asfaltata;Assente;Sereno;Normale;Sufficiente;Sufficiente;0;0;0;1;12.69314;41.88969;-1;1;Autovettura privata;In marcia / fermata / arresto;Conducente;M;Illeso;0;;Non accertato;
2277773;13;09/02/2015 15:30;Strada Urbana;VIALE DEI ROMAGNOLI;da specificare;;;;PROSSIMITA' VIA DELLE AZZORRE;Veicolo in marcia contro ostacolo accidentale;Rettilineo;Una carreggiata a senso unico di marcia;Asciutto;Con buche;Assente;Nuvoloso;Normale;Sufficiente;Ore Diurne;0;0;0;1;12.32203;41.76901;-1;1;Autovettura privata;In marcia / fermata / arresto;Conducente;M;Illeso;0;;Non accertato;Inesploso
2277777;6;10/02/2015 07:00;Strada Urbana;VIA FORMIA;all'intersezione con;VIA TERRACINA;VIA TERRACINA;;;Infortunio per caduta del veicolo;Incrocio;Una carreggiata a doppio senso;Ghiacciato;Asfaltata;Verticale ed orizzontale;Sereno;Normale;Buona;Ore Diurne;1;0;0;0;12.54755;41.8866;-1;1;Motociclo a solo;In marcia / fermata / arresto;Conducente;M;Rimandato;0;NON DECEDUTO;Non accertato;
2277781;12;09/02/2015 18:00;Comunale extraurbana;VIA DI PORTA MEDAGLIA;da specificare;;;;direz. Ardeatina 100 mt dopo Via Canestrini;Veicolo in marcia contro ostacolo accidentale;Rettilineo;Una carreggiata a doppio senso;Asciutto;Con buche;Verticale ed orizzontale;Sereno;Normale;Insufficiente;Inesistente;0;0;0;2;12.53518;41.7564;-1;1;Autovettura privata;In marcia / fermata / arresto;Passeggero;M;Illeso;0;;Non accertato;Inesploso
2277781;12;09/02/2015 18:00;Comunale extraurbana;VIA DI PORTA MEDAGLIA;da specificare;;;;direz. Ardeatina 100 mt dopo Via Canestrini;Veicolo in marcia contro ostacolo accidentale;Rettilineo;Una carreggiata a doppio senso;Asciutto;Con buche;Verticale ed orizzontale;Sereno;Normale;Insufficiente;Inesistente;0;0;0;2;12.53518;41.7564;-1;1;Autovettura privata;In marcia / fermata / arresto;Conducente;M;Illeso;0;;Utilizzato;Inesploso
2277783;19;10/02/2015 09:10;Strada Urbana;VIA DI TORREVECCHIA;all'intersezione con;VIA MARIANO LUIGI PATRIZI;VIA MARIANO LUIGI PATRIZI;;;Scontro laterale fra veicoli in marcia;Incrocio;Una carreggiata a doppio senso;Asciutto;Asfaltata;Verticale;Sereno;Intenso;Buona;Sufficiente;0;0;0;1;12.4123;41.92339;-1;1;Autovettura privata;In marcia / fermata / arresto;Conducente;F;Illeso;0;;;
2277784;20;10/02/2015 08:30;Strada Urbana;VIA GIUSTINO FORTUNATO;all'intersezione con;VIA FRANCESCO COLETTI;VIA FRANCESCO COLETTI;;;Veicolo in marcia contro veicoli in sosta;Intersezione stradale segnalata;Una carreggiata a senso unico di marcia;Asciutto;Asfaltata;Verticale;Sereno;Normale;Buona;Ore Diurne;0;0;0;1;12.46635;41.94626;-1;1;Autovettura privata;In marcia / fermata / arresto;Conducente;M;Illeso;0;;Non accertato;Inesploso
2277789;13;09/02/2015 14:30;Strada Urbana;VIA UMBERTO NATALE BERTOLETTI;in corrispondenza;;del civico n.;10;;Veicolo in marcia contro veicoli in sosta;Rettilineo;Una carreggiata a doppio senso;Asciutto;Asfaltata;Assente;Sereno;Scarso;Buona;Ore Diurne;0;0;0;1;12.34652;41.77425;-1;1;Autocarro inferiore 35 q.;In marcia / fermata / arresto;Conducente;M;Illeso;0;;Non accertato;Inesploso
2277798;12;10/02/2015 00:05;Strada Urbana;VIA CRISTOFORO COLOMBO;da specificare;;;;carregg. laterale direz. centro civico 529;Scontro laterale fra veicoli in marcia;Rettilineo;Due carreggiate;Asciutto;Asfaltata;Verticale ed orizzontale;Sereno;Scarso;Buona;Sufficiente;0;0;0;2;12.43204;41.7931;-1;1;Autovettura privata;In marcia / fermata / arresto;Conducente;M;Illeso;0;;Utilizzato;Inesploso
2277798;12;10/02/2015 00:05;Strada Urbana;VIA CRISTOFORO COLOMBO;da specificare;;;;carregg. laterale direz. centro civico 529;Scontro laterale fra veicoli in marcia;Rettilineo;Due carreggiate;Asciutto;Asfaltata;Verticale ed orizzontale;Sereno;Scarso;Buona;Sufficiente;0;0;0;2;12.43204;41.7931;-1;2;Motociclo a solo;In marcia / fermata / arresto;Conducente;M;Illeso;0;;Utilizzato;
2277801;19;10/02/2015 07:30;Strada Urbana;VIA TRIONFALE;da specificare;;;;prossimità via I. degli Ottavi;Scontro laterale fra veicoli in marcia;Curva a visuale libera;Una carreggiata a senso unico di marcia;Asciutto;Asfaltata;Orizzontale;Sereno;Intenso;Buona;Ore Diurne;0;0;0;3;12.40904;41.96518;-1;1;Autovettura privata;In marcia / fermata / arresto;Conducente;M;Illeso;0;;Non accertato;Inesploso
2277801;19;10/02/2015 07:30;Strada Urbana;VIA TRIONFALE;da specificare;;;;prossimità via I. degli Ottavi;Scontro laterale fra veicoli in marcia;Curva a visuale libera;Una carreggiata a senso unico di marcia;Asciutto;Asfaltata;Orizzontale;Sereno;Intenso;Buona;Ore Diurne;0;0;0;3;12.40904;41.96518;-1;2;Autovettura privata;In marcia / fermata / arresto;Conducente;M;Illeso;0;;Non accertato;Inesploso
2277801;19;10/02/2015 07:30;Strada Urbana;VIA TRIONFALE;da specificare;;;;prossimità via I. degli Ottavi;Scontro laterale fra veicoli in marcia;Curva a visuale libera;Una carreggiata a senso unico di marcia;Asciutto;Asfaltata;Orizzontale;Sereno;Intenso;Buona;Ore Diurne;0;0;0;3;12.40904;41.96518;-1;2;Autovettura privata;In marcia / fermata / arresto;Passeggero;M;Illeso;0;;Non accertato;Inesploso
2277803;8;10/02/2015 08:30;Statale;VIA CASILINA;da specificare;;;;200 mt dopo Via Silicella dir.ne fuori RM;Infortunio per sola frenata improvvisa;Rettilineo;Una carreggiata a doppio senso;Asciutto;Strada pavimentata dissestata;Verticale ed orizzontale;Sereno;Normale;Buona;Ore Diurne;0;0;1;1;12.59996;41.86547;-1;1;Motociclo a solo;In marcia / fermata / arresto;Conducente;M;Deceduto sul posto;-1;;Utilizzato;
2277803;8;10/02/2015 08:30;Statale;VIA CASILINA;da specificare;;;;200 mt dopo Via Silicella dir.ne fuori RM;Infortunio per sola frenata improvvisa;Rettilineo;Una carreggiata a doppio senso;Asciutto;Strada pavimentata dissestata;Verticale ed orizzontale;Sereno;Normale;Buona;Ore Diurne;0;0;1;1;12.59996;41.86547;-1;2;Autocarro inferiore 35 q.;In marcia / fermata / arresto;Conducente;M;Illeso;0;;Non accertato;Inesploso
2277811;19;10/02/2015 09:00;Strada Urbana;VIA ALFREDO SERRANTI;in prossimità;;del civico n.;30;;Veicolo in marcia contro veicolo in sosta;Rettilineo;Una carreggiata a doppio senso;Asciutto;Asfaltata;Orizzontale;Sereno;Normale;Buona;Ore Diurne;0;0;0;1;12.43807;41.9253;-1;1;Autovettura privata;In marcia / fermata / arresto;Conducente;M;Illeso;0;;Non accertato;Inesploso
2277820;13;09/02/2015 17:30;Strada Urbana;VIA DELLE AZZORRE;all'intersezione con;PIAZZA ENER BETTICA;PIAZZA ENER BETTICA;;;Scontro frontale/laterale SX fra veicoli in marcia;Incrocio;Una carreggiata a doppio senso;Asciutto;Asfaltata;Verticale ed orizzontale;Sereno;Scarso;Buona;Ore Diurne;1;0;0;1;12.27393;41.74141;-1;1;Autovettura privata;In marcia / fermata / arresto;Conducente;M;Illeso;0;;Non accertato;Inesploso
2277820;13;09/02/2015 17:30;Strada Urbana;VIA DELLE AZZORRE;all'intersezione con;PIAZZA ENER BETTICA;PIAZZA ENER BETTICA;;;Scontro frontale/laterale SX fra veicoli in marcia;Incrocio;Una carreggiata a doppio senso;Asciutto;Asfaltata;Verticale ed orizzontale;Sereno;Scarso;Buona;Ore Diurne;1;0;0;1;12.27393;41.74141;-1;2;Motociclo a solo;In marcia / fermata / arresto;Conducente;M;Rimandato;0;NON DECEDUTO;;
2277825;4;09/02/2015 21:45;Statale;VIA SALARIA;da specificare;;;;fronte civico 1075 direzione Rieti;Veicolo in marcia contro ostacolo accidentale;Rettilineo;Due carreggiate;Asciutto;Asfaltata;Orizzontale;Sereno;Scarso;Buona;Sufficiente;0;0;0;2;12.51691;41.99645;-1;1;Autovettura privata;In marcia / fermata / arresto;Conducente;F;Illeso;0;;Non accertato;
2277825;4;09/02/2015 21:45;Statale;VIA SALARIA;da specificare;;;;fronte civico 1075 direzione Rieti;Veicolo in marcia contro ostacolo accidentale;Rettilineo;Due carreggiate;Asciutto;Asfaltata;Orizzontale;Sereno;Scarso;Buona;Sufficiente;0;0;0;2;12.51691;41.99645;-1;1;Autovettura privata;In marcia / fermata / arresto;Passeggero;M;Illeso;0;;Non accertato;
2277839;20;08/02/2015 12:00;Strada Urbana;LUNGOTEVERE MARESCIALLO CADORNA;da specificare;;;;altezza Via Morra di Lavriano;Tamponamento;Rettilineo;Una carreggiata a doppio senso;Asciutto;Asfaltata;Verticale ed orizzontale;Sereno;Normale;Buona;Ore Diurne;0;0;0;6;12.45808;41.92742;-1;1;Autovettura privata;In marcia / fermata / arresto;Conducente;M;Illeso;0;;Non accertato;Inesploso
2277839;20;08/02/2015 12:00;Strada Urbana;LUNGOTEVERE MARESCIALLO CADORNA;da specificare;;;;altezza Via Morra di Lavriano;Tamponamento;Rettilineo;Una carreggiata a doppio senso;Asciutto;Asfaltata;Verticale ed orizzontale;Sereno;Normale;Buona;Ore Diurne;0;0;0;6;12.45808;41.92742;-1;1;Autovettura privata;In marcia / fermata / arresto;Passeggero;F;Illeso;0;;Non accertato;Inesploso
2277839;20;08/02/2015 12:00;Strada Urbana;LUNGOTEVERE MARESCIALLO CADORNA;da specificare;;;;altezza Via Morra di Lavriano;Tamponamento;Rettilineo;Una carreggiata a doppio senso;Asciutto;Asfaltata;Verticale ed orizzontale;Sereno;Normale;Buona;Ore Diurne;0;0;0;6;12.45808;41.92742;-1;1;Autovettura privata;In marcia / fermata / arresto;Passeggero;F;Illeso;0;;Non accertato;Inesploso
2277839;20;08/02/2015 12:00;Strada Urbana;LUNGOTEVERE MARESCIALLO CADORNA;da specificare;;;;altezza Via Morra di Lavriano;Tamponamento;Rettilineo;Una carreggiata a doppio senso;Asciutto;Asfaltata;Verticale ed orizzontale;Sereno;Normale;Buona;Ore Diurne;0;0;0;6;12.45808;41.92742;-1;1;Autovettura privata;In marcia / fermata / arresto;Passeggero;M;Illeso;0;;Non accertato;Inesploso
2277839;20;08/02/2015 12:00;Strada Urbana;LUNGOTEVERE MARESCIALLO CADORNA;da specificare;;;;altezza Via Morra di Lavriano;Tamponamento;Rettilineo;Una carreggiata a doppio senso;Asciutto;Asfaltata;Verticale ed orizzontale;Sereno;Normale;Buona;Ore Diurne;0;0;0;6;12.45808;41.92742;-1;1;Autovettura privata;In marcia / fermata / arresto;Passeggero;M;Illeso;0;;Non accertato;Inesploso
2277839;20;08/02/2015 12:00;Strada Urbana;LUNGOTEVERE MARESCIALLO CADORNA;da specificare;;;;altezza Via Morra di Lavriano;Tamponamento;Rettilineo;Una carreggiata a doppio senso;Asciutto;Asfaltata;Verticale ed orizzontale;Sereno;Normale;Buona;Ore Diurne;0;0;0;6;12.45808;41.92742;-1;2;Motociclo a solo;In marcia / fermata / arresto;Conducente;M;Illeso;0;;Non accertato;
2277844;6;10/02/2015 10:00;Strada Urbana;LARGO PRENESTE;in corrispondenza;;del civico n.;4;;Scontro laterale fra veicoli in marcia;Rettilineo;Due carreggiate;Asciutto;Asfaltata;Orizzontale;Sereno;Normale;Buona;Ore Diurne;0;0;0;2;12.5422;41.89181;-1;1;Autovettura privata;In marcia / fermata / arresto;Conducente;M;Illeso;0;;;