Protocollo;Gruppo;DataOraIncidente;Localizzazione1;STRADA1;Localizzazione2;STRADA2;Strada02;Chilometrica;DaSpecificare;NaturaIncidente;particolaritastrade;TipoStrada;FondoStradale;Pavimentazione;Segnaletica;CondizioneAtmosferica;Traffico;Visibilita;Illuminazione;NUM_FERITI;NUM_RISERVATA;NUM_MORTI;NUM_ILLESI;Longitudine;Latitudine;Confermato;Progressivo;TipoVeicolo;StatoVeicolo;TipoPersona;Sesso;Tipolesione;Deceduto;DecedutoDopo;CinturaCascoUtilizzato;Airbag
2284529;16;13/02/2015 14:50;Strada Urbana;CIRCONVALLAZIONE GIANICOLENSE;in prossimità;;del civico n.;77;;Tamponamento Multiplo;Rettilineo;Più di due carreggiate;Asciutto;Asfaltata;Verticale ed orizzontale;Sereno;Normale;Buona;Ore Diurne;1;0;0;4;12.45694;41.87071;-1;3;Autovettura privata;In marcia / fermata / arresto;Conducente;M;Illeso;0;;;
2284532;8;17/02/2015 05:40;Strada Urbana;VIA CALTAGIRONE;da specificare;;;;dir via Collatina superato via L. Conti;Veicolo in marcia contro ostacolo accidentale;Curva a visuale libera;Due carreggiate;Asciutto;Con buche;Verticale ed orizzontale;Sereno;Normale;Sufficiente;Sufficiente;0;0;0;1;12.51862;41.88744;-1;1;Autovettura privata;In marcia / fermata / arresto;Conducente;M;Illeso;0;;Non accertato;Inesploso
2284567;20;17/02/2015 15:00;Strada Urbana;PIAZZALE DI PONTE MILVIO;in prossimità;;del civico n.;22;;Scontro frontale/laterale SX fra veicoli in marcia;Curva a visuale libera;Due carreggiate;Asciutto;Asfaltata;Verticale ed orizzontale;Sereno;Normale;Buona;Ore Diurne;1;0;0;1;12.46576;41.93769;-1;1;Motociclo a solo;In marcia / fermata / arresto;Conducente;F;Rimandato;0;NON DECEDUTO;Non accertato;
2284567;20;17/02/2015 15:00;Strada Urbana;PIAZZALE DI PONTE MILVIO;in prossimità;;del civico n.;22;;Scontro frontale/laterale SX fra veicoli in marcia;Curva a visuale libera;Due carreggiate;Asciutto;Asfaltata;Verticale ed orizzontale;Sereno;Normale;Buona;Ore Diurne;1;0;0;1;12.46576;41.93769;-1;2;Autovettura privata;In marcia / fermata / arresto;Conducente;M;Illeso;0;;Non accertato;Inesploso
2284591;16;15/02/2015 17:40;Strada Urbana;VIA CAMILLO SERAFINI;da specificare;;;;in prossimità del fronte civico 17;Investimento di pedone;Rettilineo;Una carreggiata a doppio senso;Asciutto;Asfaltata;Assente;Sereno;Normale;Buona;Insufficiente;1;0;0;1;12.42771;41.87865;-1;;;;Pedone;F;Rimandato;0;NON DECEDUTO;;
2284591;16;15/02/2015 17:40;Strada Urbana;VIA CAMILLO SERAFINI;da specificare;;;;in prossimità del fronte civico 17;Investimento di pedone;Rettilineo;Una carreggiata a doppio senso;Asciutto;Asfaltata;Assente;Sereno;Normale;Buona;Insufficiente;1;0;0;1;12.42771;41.87865;-1;1;Autovettura privata;In marcia / fermata / arresto;Conducente;F;Illeso;0;;Non accertato;Inesploso
2284630;10;17/02/2015 16:25;Strada Urbana;VIA QUINTO PUBLICIO;all'intersezione con;VIA VINCENZO LAMARO;VIA VINCENZO LAMARO;;;Investimento di pedone;Intersezione stradale segnalata;Una carreggiata a doppio senso;Asciutto;Asfaltata;Verticale ed orizzontale;Sereno;Normale;Buona;Ore Diurne;1;0;0;1;12.57543;41.85606;-1;;;;Pedone;M;Rimandato;0;NON DECEDUTO;;
2284630;10;17/02/2015 16:25;Strada Urbana;VIA QUINTO PUBLICIO;all'intersezione con;VIA VINCENZO LAMARO;VIA VINCENZO LAMARO;;;Investimento di pedone;Intersezione stradale segnalata;Una carreggiata a doppio senso;Asciutto;Asfaltata;Verticale ed orizzontale;Sereno;Normale;Buona;Ore Diurne;1;0;0;1;12.57543;41.85606;-1;1;Autovettura privata;In marcia / fermata / arresto;Conducente;M;Illeso;0;;Non accertato;Inesploso
2284635;17;17/02/2015 15:30;Strada Urbana;PIAZZA DEI MARTIRI DI BELFIORE;in prossimità;;del civico n.;4;;Veicolo in marcia contro veicolo in sosta;Rettilineo;Due carreggiate;Asciutto;Asfaltata;Verticale ed orizzontale;Sereno;Normale;Buona;Ore Diurne;0;0;0;1;12.46659;41.91495;-1;1;Motociclo a solo;In marcia / fermata / arresto;Conducente;M;Illeso;0;;;
2284636;16;15/02/2015 18:00;Strada Urbana;VIALE DEI QUATTRO VENTI;da specificare;;;;in prossimità del fronte civico 152;Veicolo in marcia contro veicolo fermo;Rettilineo;Una carreggiata a doppio senso;Asciutto;Asfaltata;Orizzontale;Sereno;Scarso;Sufficiente;Sufficiente;0;0;0;3;12.48528;41.89685;-1;1;Autovettura privata;In marcia / fermata / arresto;Conducente;M;Illeso;0;;Non accertato;Inesploso
2284636;16;15/02/2015 18:00;Strada Urbana;VIALE DEI QUATTRO VENTI;da specificare;;;;in prossimità del fronte civico 152;Veicolo in marcia contro veicolo fermo;Rettilineo;Una carreggiata a doppio senso;Asciutto;Asfaltata;Orizzontale;Sereno;Scarso;Sufficiente;Sufficiente;0;0;0;3;12.48528;41.89685;-1;2;Autovettura privata;In marcia / fermata / arresto;Conducente;F;Illeso;0;;Non accertato;Inesploso
2284636;16;15/02/2015 18:00;Strada Urbana;VIALE DEI QUATTRO VENTI;da specificare;;;;in prossimità del fronte civico 152;Veicolo in marcia contro veicolo fermo;Rettilineo;Una carreggiata a doppio senso;Asciutto;Asfaltata;Orizzontale;Sereno;Scarso;Sufficiente;Sufficiente;0;0;0;3;12.48528;41.89685;-1;2;Autovettura privata;In marcia / fermata / arresto;Passeggero;F;Illeso;0;;Non accertato;
2284683;15;17/02/2015 08:00;Strada Urbana;VIA DEL PONTE PISANO;in corrispondenza;;del palo luce n.;29;;Scontro laterale fra veicoli in marcia;Rettilineo;Una carreggiata a doppio senso;Asciutto;Asfaltata;Orizzontale;Sereno;Normale;Buona;Ore Diurne;0;0;0;2;12.40217;41.85008;-1;1;Autocarro inferiore 35 q.;In marcia / fermata / arresto;Conducente;M;Illeso;0;;Utilizzato;
2284683;15;17/02/2015 08:00;Strada Urbana;VIA DEL PONTE PISANO;in corrispondenza;;del palo luce n.;29;;Scontro laterale fra veicoli in marcia;Rettilineo;Una carreggiata a doppio senso;Asciutto;Asfaltata;Orizzontale;Sereno;Normale;Buona;Ore Diurne;0;0;0;2;12.40217;41.85008;-1;2;Autocarro inferiore 35 q.;In marcia / fermata / arresto;Conducente;M;Illeso;0;;Utilizzato;
2284693;16;16/02/2015 15:15;Strada Urbana;VIA MARIA LORENZA LONGO;in corrispondenza;;del civico n.;24;;Veicolo in marcia contro ostacolo fisso;Rettilineo;Una carreggiata a senso unico di marcia;Bagnato (umidità in atto);Asfaltata;Verticale;Nuvoloso;Scarso;Buona;Ore Diurne;0;0;0;1;12.45175;41.86874;-1;1;Autovettura privata;In marcia / fermata / arresto;Conducente;F;Illeso;0;;Non accertato;Inesploso
2284704;15;17/02/2015 09:20;Strada Urbana;VIA VINCENZO STATELLA;in prossimità;;del civico n.;4;;Tamponamento Multiplo;Rettilineo;Una carreggiata a doppio senso;Asciutto;Asfaltata;Orizzontale;Sereno;Normale;Buona;Ore Diurne;1;0;0;2;12.45068;41.85456;-1;1;Autovettura privata;In marcia / fermata / arresto;Conducente;M;Rimandato;0;NON DECEDUTO;;
2284704;15;17/02/2015 09:20;Strada Urbana;VIA VINCENZO STATELLA;in prossimità;;del civico n.;4;;Tamponamento Multiplo;Rettilineo;Una carreggiata a doppio senso;Asciutto;Asfaltata;Orizzontale;Sereno;Normale;Buona;Ore Diurne;1;0;0;2;12.45068;41.85456;-1;2;Autovettura privata;In marcia / fermata / arresto;Conducente;F;Illeso;0;;;
2284704;15;17/02/2015 09:20;Strada Urbana;VIA VINCENZO STATELLA;in prossimità;;del civico n.;4;;Tamponamento Multiplo;Rettilineo;Una carreggiata a doppio senso;Asciutto;Asfaltata;Orizzontale;Sereno;Normale;Buona;Ore Diurne;1;0;0;2;12.45068;41.85456;-1;3;Autovettura pubblica;In marcia / fermata / arresto;Conducente;M;Illeso;0;;;
2284708;16;16/02/2015 17:30;Strada Urbana;VIALE DEI COLLI PORTUENSI;all'intersezione con;VIA CLELIA GAROFOLINI;VIA CLELIA GAROFOLINI;;;Scontro frontale/laterale SX fra veicoli in marcia;Incrocio;Due carreggiate;Bagnato (umidità in atto);Asfaltata;Verticale ed orizzontale;Nuvoloso;Normale;Buona;Sufficiente;0;0;0;3;12.44322;41.87519;-1;1;Autocarro inferiore 35 q.;In marcia / fermata / arresto;Conducente;M;Illeso;0;;Non accertato;Inesploso
2284708;16;16/02/2015 17:30;Strada Urbana;VIALE DEI COLLI PORTUENSI;all'intersezione con;VIA CLELIA GAROFOLINI;VIA CLELIA GAROFOLINI;;;Scontro frontale/laterale SX fra veicoli in marcia;Incrocio;Due carreggiate;Bagnato (umidità in atto);Asfaltata;Verticale ed orizzontale;Nuvoloso;Normale;Buona;Sufficiente;0;0;0;3;12.44322;41.87519;-1;1;Autocarro inferiore 35 q.;In marcia / fermata / arresto;Passeggero;M;Illeso;0;;;
2284708;16;16/02/2015 17:30;Strada Urbana;VIALE DEI COLLI PORTUENSI;all'intersezione con;VIA CLELIA GAROFOLINI;VIA CLELIA GAROFOLINI;;;Scontro frontale/laterale SX fra veicoli in marcia;Incrocio;Due carreggiate;Bagnato (umidità in atto);Asfaltata;Verticale ed orizzontale;Nuvoloso;Normale;Buona;Sufficiente;0;0;0;3;12.44322;41.87519;-1;2;Autovettura privata;In marcia / fermata / arresto;Conducente;M;Illeso;0;;Non accertato;Inesploso
2284730;9;17/02/2015 17:50;Strada Urbana;VIA ETRURIA;da specificare;;;;altezza VIA ALBALONGA;Infortunio per caduta del veicolo;Curva a visuale libera;Una carreggiata a senso unico di marcia;Viscido da liquidi oleosi;Asfaltata;Orizzontale;Sereno;Normale;Sufficiente;Sufficiente;1;0;0;0;12.51274;41.87905;-1;1;Motociclo a solo;In marcia / fermata / arresto;Conducente;M;Rimandato;0;NON DECEDUTO;;
2284735;16;14/02/2015 11:20;Strada Urbana;VIA FELICE BELLOTTI;in corrispondenza;;del civico n.;12;;Scontro frontale/laterale SX fra veicoli in marcia;Rettilineo;Una carreggiata a doppio senso;Asciutto;Asfaltata;Verticale;Nuvoloso;Normale;Buona;Ore Diurne;0;0;0;3;12.43944;41.85708;-1;1;Autovettura privata;In marcia / fermata / arresto;Conducente;M;Illeso;0;;Non accertato;Inesploso
2284735;16;14/02/2015 11:20;Strada Urbana;VIA FELICE BELLOTTI;in corrispondenza;;del civico n.;12;;Scontro frontale/laterale SX fra veicoli in marcia;Rettilineo;Una carreggiata a doppio senso;Asciutto;Asfaltata;Verticale;Nuvoloso;Normale;Buona;Ore Diurne;0;0;0;3;12.43944;41.85708;-1;1;Autovettura privata;In marcia / fermata / arresto;Passeggero;F;Illeso;0;;Non accertato;Inesploso
2284735;16;14/02/2015 11:20;Strada Urbana;VIA FELICE BELLOTTI;in corrispondenza;;del civico n.;12;;Scontro frontale/laterale SX fra veicoli in marcia;Rettilineo;Una carreggiata a doppio senso;Asciutto;Asfaltata;Verticale;Nuvoloso;Normale;Buona;Ore Diurne;0;0;0;3;12.43944;41.85708;-1;2;Autovettura privata;In marcia / fermata / arresto;Conducente;M;Illeso;0;;Non accertato;Inesploso
2284749;16;15/02/2015 11:45;Strada Urbana;VIA DEI FELTRESCHI;all'intersezione con;VIA DI BRAVETTA;VIA DI BRAVETTA;;;Investimento di pedone;Intersezione stradale segnalata;Una carreggiata a senso unico di marcia;Asciutto;Asfaltata;Verticale ed orizzontale;Nuvoloso;Scarso;Buona;Ore Diurne;1;0;0;2;12.42405;41.88383;-1;;;;Pedone;F;Ricoverato;0;NON DECEDUTO;;
2284749;16;15/02/2015 11:45;Strada Urbana;VIA DEI FELTRESCHI;all'intersezione con;VIA DI BRAVETTA;VIA DI BRAVETTA;;;Investimento di pedone;Intersezione stradale segnalata;Una carreggiata a senso unico di marcia;Asciutto;Asfaltata;Verticale ed orizzontale;Nuvoloso;Scarso;Buona;Ore Diurne;1;0;0;2;12.42405;41.88383;-1;1;Autovettura privata;In marcia / fermata / arresto;Conducente;M;Illeso;0;;;
2284749;16;15/02/2015 11:45;Strada Urbana;VIA DEI FELTRESCHI;all'intersezione con;VIA DI BRAVETTA;VIA DI BRAVETTA;;;Investimento di pedone;Intersezione stradale segnalata;Una carreggiata a senso unico di marcia;Asciutto;Asfaltata;Verticale ed orizzontale;Nuvoloso;Scarso;Buona;Ore Diurne;1;0;0;2;12.42405;41.88383;-1;1;Autovettura privata;In marcia / fermata / arresto;Passeggero;M;Illeso;0;;;
2284756;18;09/02/2015 03:40;Strada Urbana;CIRCONVALLAZIONE AURELIA;da specificare;;;;FRONTE CIVICO 19;Veicolo in marcia contro ostacolo accidentale;Rettilineo;Due carreggiate;Asciutto;Asfaltata;Verticale ed orizzontale;Sereno;Scarso;Sufficiente;Sufficiente;0;0;0;1;12.42852;41.89705;-1;1;Autovettura pubblica;In marcia / fermata / arresto;Conducente;M;Illeso;0;;Non accertato;Inesploso
2284763;16;15/02/2015 16:00;Strada Urbana;VIA PORTUENSE;in prossimità;;del civico n.;109/111;;Investimento di pedone;Rettilineo;Una carreggiata a doppio senso;Asciutto;Asfaltata;Verticale ed orizzontale;Sereno;Intenso;Sufficiente;Ore Diurne;0;0;0;2;12.46591;41.87153;-1;;;;Pedone;M;Illeso;0;;;
2284763;16;15/02/2015 16:00;Strada Urbana;VIA PORTUENSE;in prossimità;;del civico n.;109/111;;Investimento di pedone;Rettilineo;Una carreggiata a doppio senso;Asciutto;Asfaltata;Verticale ed orizzontale;Sereno;Intenso;Sufficiente;Ore Diurne;0;0;0;2;12.46591;41.87153;-1;1;Autocarro superiore 35 q.;In marcia / fermata / arresto;Conducente;M;Illeso;0;;;
2284802;15;17/02/2015 16:00;Strada Urbana;VIA DELLA MAGLIANA;in prossimità;;del civico n.;321/A;;Tamponamento Multiplo;Pendenza;Più di due carreggiate;Asciutto;Asfaltata;Verticale ed orizzontale;Sereno;Normale;Buona;Ore Diurne;2;0;0;2;12.45464;41.84174;-1;1;Autovettura privata;In marcia / fermata / arresto;Conducente;F;Rimandato;0;NON DECEDUTO;;
2284802;15;17/02/2015 16:00;Strada Urbana;VIA DELLA MAGLIANA;in prossimità;;del civico n.;321/A;;Tamponamento Multiplo;Pendenza;Più di due carreggiate;Asciutto;Asfaltata;Verticale ed orizzontale;Sereno;Normale;Buona;Ore Diurne;2;0;0;2;12.45464;41.84174;-1;2;Autovettura privata;In marcia / fermata / arresto;Conducente;F;Rimandato;0;NON DECEDUTO;;
2284802;15;17/02/2015 16:00;Strada Urbana;VIA DELLA MAGLIANA;in prossimità;;del civico n.;321/A;;Tamponamento Multiplo;Pendenza;Più di due carreggiate;Asciutto;Asfaltata;Verticale ed orizzontale;Sereno;Normale;Buona;Ore Diurne;2;0;0;2;12.45464;41.84174;-1;3;Autocarro inferiore 35 q.;In marcia / fermata / arresto;Conducente;M;Illeso;0;;;
2284802;15;17/02/2015 16:00;Strada Urbana;VIA DELLA MAGLIANA;in prossimità;;del civico n.;321/A;;Tamponamento Multiplo;Pendenza;Più di due carreggiate;Asciutto;Asfaltata;Verticale ed orizzontale;Sereno;Normale;Buona;Ore Diurne;2;0;0;2;12.45464;41.84174;-1;3;Autocarro inferiore 35 q.;In marcia / fermata / arresto;Passeggero;M;Illeso;0;;;
2284885;8;17/02/2015 06:30;Statale entro l'abitato;VIA CASILINA;all'intersezione con;VIA SICULIANA;VIA SICULIANA;;;Scontro frontale/laterale SX fra veicoli in marcia;Intersezione stradale segnalata;Una carreggiata a doppio senso;Asciutto;Asfaltata;Verticale ed orizzontale;Sereno;Intenso;Buona;Ore Diurne;1;0;0;1;12.6538;41.87145;-1;1;Autovettura privata;In marcia / fermata / arresto;Conducente;M;Illeso;0;;Non accertato;Inesploso
2284885;8;17/02/2015 06:30;Statale entro l'abitato;VIA CASILINA;all'intersezione con;VIA SICULIANA;VIA SICULIANA;;;Scontro frontale/laterale SX fra veicoli in marcia;Intersezione stradale segnalata;Una carreggiata a doppio senso;Asciutto;Asfaltata;Verticale ed orizzontale;Sereno;Intenso;Buona;Ore Diurne;1;0;0;1;12.6538;41.87145;-1;2;Motociclo con passeggero;In marcia / fermata / arresto;Conducente;M;Ricoverato;0;NON DECEDUTO;Non accertato;
2284886;8;17/02/2015 14:00;Strada Urbana;VIA POLENSE;all'intersezione con;VIA TIVOLESE;VIA TIVOLESE;;;Scontro frontale/laterale DX fra veicoli in marcia;Intersezione stradale segnalata;Una carreggiata a doppio senso;Asciutto;Asfaltata;Verticale ed orizzontale;Sereno;Normale;Buona;Ore Diurne;2;0;0;0;12.70292;41.89532;-1;1;Autovettura privata;In marcia / fermata / arresto;Conducente;M;Rimandato;0;NON DECEDUTO;Non accertato;Esploso
2284886;8;17/02/2015 14:00;Strada Urbana;VIA POLENSE;all'intersezione con;VIA TIVOLESE;VIA TIVOLESE;;;Scontro frontale/laterale DX fra veicoli in marcia;Intersezione stradale segnalata;Una carreggiata a doppio senso;Asciutto;Asfaltata;Verticale ed orizzontale;Sereno;Normale;Buona;Ore Diurne;2;0;0;0;12.70292;41.89532;-1;2;Autovettura privata;In marcia / fermata / arresto;Conducente;M;Rimandato;0;NON DECEDUTO;Non accertato;Inesploso
2284888;8;17/02/2015 21:50;Strada Urbana;VIA DI TORRENOVA;in corrispondenza;;del civico n.;435;;Scontro laterale fra veicoli in marcia;Rettilineo;Una carreggiata a doppio senso;Asciutto;Asfaltata;Orizzontale;Sereno;Normale;Sufficiente;Sufficiente;0;0;0;2;12.61926;41.88528;-1;1;Autovettura privata;In marcia / fermata / arresto;Conducente;M;Illeso;0;;Non accertato;Inesploso
2284888;8;17/02/2015 21:50;Strada Urbana;VIA DI TORRENOVA;in corrispondenza;;del civico n.;435;;Scontro laterale fra veicoli in marcia;Rettilineo;Una carreggiata a doppio senso;Asciutto;Asfaltata;Orizzontale;Sereno;Normale;Sufficiente;Sufficiente;0;0;0;2;12.61926;41.88528;-1;2;Autovettura privata;In marcia / fermata / arresto;Conducente;M;Illeso;0;;Non accertato;Inesploso
2284889;8;17/02/2015 18:45;Strada Urbana;VIA MASSA DI SAN GIULIANO;in corrispondenza;;del civico n.;544;;Scontro frontale/laterale DX fra veicoli in marcia;Rettilineo;Una carreggiata a doppio senso;Asciutto;Asfaltata;Verticale ed orizzontale;Sereno;Normale;Buona;Sufficiente;0;0;0;2;12.68464;41.91626;-1;1;Autovettura privata;In marcia / fermata / arresto;Conducente;M;Illeso;0;;Non accertato;Inesploso
2284889;8;17/02/2015 18:45;Strada Urbana;VIA MASSA DI SAN GIULIANO;in corrispondenza;;del civico n.;544;;Scontro frontale/laterale DX fra veicoli in marcia;Rettilineo;Una carreggiata a doppio senso;Asciutto;Asfaltata;Verticale ed orizzontale;Sereno;Normale;Buona;Sufficiente;0;0;0;2;12.68464;41.91626;-1;2;Autovettura privata;In marcia / fermata / arresto;Conducente;F;Illeso;0;;Non accertato;Inesploso
2284891;8;17/02/2015 16:10;Strada Urbana;VIA AMICO ASPERTINI;all'intersezione con;VIA DOMENICO PARASACCHI;VIA DOMENICO PARASACCHI;;;Scontro frontale/laterale DX fra veicoli in marcia;Intersezione stradale segnalata;Una carreggiata a doppio senso;Asciutto;Asfaltata;Verticale ed orizzontale;Sereno;Normale;Buona;Ore Diurne;0;0;0;3;12.62988;41.87286;-1;1;Autovettura privata;In marcia / fermata / arresto;Conducente;M;Illeso;0;;Non accertato;Esploso
2284891;8;17/02/2015 16:10;Strada Urbana;VIA AMICO ASPERTINI;all'intersezione con;VIA DOMENICO PARASACCHI;VIA DOMENICO PARASACCHI;;;Scontro frontale/laterale DX fra veicoli in marcia;Intersezione stradale segnalata;Una carreggiata a doppio senso;Asciutto;Asfaltata;Verticale ed orizzontale;Sereno;Normale;Buona;Ore Diurne;0;0;0;3;12.62988;41.87286;-1;1;Autovettura privata;In marcia / fermata / arresto;Passeggero;F;Illeso;0;;Non accertato;Inesploso
2284891;8;17/02/2015 16:10;Strada Urbana;VIA AMICO ASPERTINI;all'intersezione con;VIA DOMENICO PARASACCHI;VIA DOMENICO PARASACCHI;;;Scontro frontale/laterale DX fra veicoli in marcia;Intersezione stradale segnalata;Una carreggiata a doppio senso;Asciutto;Asfaltata;Verticale ed orizzontale;Sereno;Normale;Buona;Ore Diurne;0;0;0;3;12.62988;41.87286;-1;2;Autovettura privata;In marcia / fermata / arresto;Conducente;M;Illeso;0;;Non accertato;Inesploso
2284894;8;17/02/2015 15:30;Strada Urbana;VIA ATTEONE;in prossimità;;del civico n.;89;;Scontro laterale fra veicoli in marcia;Rettilineo;Una carreggiata a doppio senso;Asciutto;Asfaltata;Assente;Sereno;Scarso;Buona;Ore Diurne;0;0;0;1;12.61991;41.87919;-1;2;Autovettura privata;In marcia / fermata / arresto;Conducente;M;Illeso;0;;Non accertato;Inesploso
2284895;8;17/02/2015 09:00;Strada Urbana;VIA DEL FOSSO DELL'OSA;all'intersezione con;VIA CARPINONE;VIA CARPINONE;;;Fuoriuscita dalla sede stradale;Incrocio;Una carreggiata a doppio senso;Asciutto;Asfaltata;Verticale;Sereno;Normale;Sufficiente;Ore Diurne;0;0;0;1;12.6739;41.91843;-1;1;Autovettura privata;In marcia / fermata / arresto;Conducente;F;Illeso;0;;;
2284896;8;17/02/2015 05:00;Strada Urbana;VIA DI TOR BELLA MONACA;da specificare;;;;fine rampa accesso da via Anderloni dir. Casilina;Veicolo in marcia contro ostacolo fisso;Rettilineo;Due carreggiate;Asciutto;Asfaltata;Verticale ed orizzontale;Sereno;Normale;Sufficiente;Sufficiente;0;0;0;1;12.63052;41.87433;-1;1;Autocarro inferiore 35 q.;In marcia / fermata / arresto;Conducente;M;Illeso;0;;Non accertato;Inesploso
2284977;9;17/02/2015 18:30;Strada Urbana;VIA LATINA;in prossimità;;del civico n.;258;;Scontro laterale fra veicoli in marcia;Rettilineo;Una carreggiata a senso unico di marcia;Asciutto;Asfaltata;Verticale ed orizzontale;Sereno;Scarso;Buona;Sufficiente;0;0;0;3;12.51778;41.87158;-1;1;Autovettura privata;In marcia / fermata / arresto;Conducente;M;Illeso;0;;Non accertato;Inesploso
2284977;9;17/02/2015 18:30;Strada Urbana;VIA LATINA;in prossimità;;del civico n.;258;;Scontro laterale fra veicoli in marcia;Rettilineo;Una carreggiata a senso unico di marcia;Asciutto;Asfaltata;Verticale ed orizzontale;Sereno;Scarso;Buona;Sufficiente;0;0;0;3;12.51778;41.87158;-1;1;Autovettura privata;In marcia / fermata / arresto;Passeggero;F;Illeso;0;;Non accertato;Inesploso
2284977;9;17/02/2015 18:30;Strada Urbana;VIA LATINA;in prossimità;;del civico n.;258;;Scontro laterale fra veicoli in marcia;Rettilineo;Una carreggiata a senso unico di marcia;Asciutto;Asfaltata;Verticale ed orizzontale;Sereno;Scarso;Buona;Sufficiente;0;0;0;3;12.51778;41.87158;-1;2;Motociclo a solo;In marcia / fermata / arresto;Conducente;F;Illeso;0;;Non accertato;
2284978;9;17/02/2015 19:30;Strada Urbana;VIA MAGNAGRECIA;da specificare;;;;fronte civico 114;Investimento di pedone;Rettilineo;Una carreggiata a doppio senso;Asciutto;Asfaltata;Verticale ed orizzontale;Sereno;Intenso;Sufficiente;Sufficiente;1;0;0;1;12.50882;41.88323;-1;;;;Pedone;M;Ricoverato;0;NON DECEDUTO;;
2284978;9;17/02/2015 19:30;Strada Urbana;VIA MAGNAGRECIA;da specificare;;;;fronte civico 114;Investimento di pedone;Rettilineo;Una carreggiata a doppio senso;Asciutto;Asfaltata;Verticale ed orizzontale;Sereno;Intenso;Sufficiente;Sufficiente;1;0;0;1;12.50882;41.88323;-1;1;Motociclo a solo;In marcia / fermata / arresto;Conducente;M;Illeso;0;;Non accertato;
2284990;9;18/02/2015 06:40;Strada Urbana;VIA APPIA NUOVA;in corrispondenza;;del civico n.;390;;Scontro frontale/laterale SX fra veicoli in marcia;Rettilineo;Più di due carreggiate;Asciutto;Asfaltata;Assente;Sereno;Scarso;Buona;Sufficiente;2;0;0;0;12.5216;41.87592;-1;1;Autovettura privata;In marcia / fermata / arresto;Conducente;F;Rimandato;0;NON DECEDUTO;Non accertato;
2284990;9;18/02/2015 06:40;Strada Urbana;VIA APPIA NUOVA;in corrispondenza;;del civico n.;390;;Scontro frontale/laterale SX fra veicoli in marcia;Rettilineo;Più di due carreggiate;Asciutto;Asfaltata;Assente;Sereno;Scarso;Buona;Sufficiente;2;0;0;0;12.5216;41.87592;-1;2;Motociclo a solo;In marcia / fermata / arresto;Conducente;M;Rimandato;0;NON DECEDUTO;Non accertato;
2285013;13;17/02/2015 08:00;Strada Urbana;PIAZZALE CRISTOFORO COLOMBO;all'intersezione con;LUNGOMARE LUTAZIO CATULO;LUNGOMARE LUTAZIO CATULO;;;Scontro frontale fra veicoli in marcia;Incrocio;Due carreggiate;Asciutto;Asfaltata;Orizzontale;Sereno;Normale;Buona;Ore Diurne;0;0;0;3;12.31754;41.71482;-1;1;Autovettura privata;In marcia / fermata / arresto;Conducente;M;Illeso;0;;Non accertato;Inesploso
2285013;13;17/02/2015 08:00;Strada Urbana;PIAZZALE CRISTOFORO COLOMBO;all'intersezione con;LUNGOMARE LUTAZIO CATULO;LUNGOMARE LUTAZIO CATULO;;;Scontro frontale fra veicoli in marcia;Incrocio;Due carreggiate;Asciutto;Asfaltata;Orizzontale;Sereno;Normale;Buona;Ore Diurne;0;0;0;3;12.31754;41.71482;-1;1;Autovettura privata;In marcia / fermata / arresto;Passeggero;M;Illeso;0;;Non accertato;Inesploso
2285013;13;17/02/2015 08:00;Strada Urbana;PIAZZALE CRISTOFORO COLOMBO;all'intersezione con;LUNGOMARE LUTAZIO CATULO;LUNGOMARE LUTAZIO CATULO;;;Scontro frontale fra veicoli in marcia;Incrocio;Due carreggiate;Asciutto;Asfaltata;Orizzontale;Sereno;Normale;Buona;Ore Diurne;0;0;0;3;12.31754;41.71482;-1;2;Autocarro inferiore 35 q.;In marcia / fermata / arresto;Conducente;M;Illeso;0;;Non accertato;Inesploso
2285016;6;17/02/2015 10:30;Strada Urbana;VIA COLLATINA;all'intersezione con;VIA DINO PENAZZATO;VIA DINO PENAZZATO;;;Scontro frontale/laterale DX fra veicoli in marcia;Incrocio;Una carreggiata a doppio senso;Asciutto;Asfaltata;Verticale ed orizzontale;Sereno;Normale;Buona;Ore Diurne;0;0;0;2;12.56277;41.89632;-1;1;Autovettura privata;In marcia / fermata / arresto;Conducente;M;Illeso;0;;Non accertato;Inesploso
2285016;6;17/02/2015 10:30;Strada Urbana;VIA COLLATINA;all'intersezione con;VIA DINO PENAZZATO;VIA DINO PENAZZATO;;;Scontro frontale/laterale DX fra veicoli in marcia;Incrocio;Una carreggiata a doppio senso;Asciutto;Asfaltata;Verticale ed orizzontale;Sereno;Normale;Buona;Ore Diurne;0;0;0;2;12.56277;41.89632;-1;2;Autovettura privata;In marcia / fermata / arresto;Conducente;M;Illeso;0;;Non accertato;Inesploso
2285026;10;17/02/2015 19:15;Statale entro l'abitato;VIA ANAGNINA;all'intersezione semaforizzata con;VIA DEI SETTE METRI;VIA DEI SETTE METRI;;;Tamponamento;Intersezione semaforizzata;Due carreggiate;Asciutto;Asfaltata;Verticale ed orizzontale;Sereno;Normale;Buona;Sufficiente;0;0;0;3;12.61145;41.81987;-1;1;Motociclo a solo;In marcia / fermata / arresto;Conducente;M;Illeso;0;;Non accertato;
2285026;10;17/02/2015 19:15;Statale entro l'abitato;VIA ANAGNINA;all'intersezione semaforizzata con;VIA DEI SETTE METRI;VIA DEI SETTE METRI;;;Tamponamento;Intersezione semaforizzata;Due carreggiate;Asciutto;Asfaltata;Verticale ed orizzontale;Sereno;Normale;Buona;Sufficiente;0;0;0;3;12.61145;41.81987;-1;2;Autovettura privata;In marcia / fermata / arresto;Conducente;F;Illeso;0;;Non accertato;Inesploso