Protocollo;Gruppo;DataOraIncidente;Localizzazione1;STRADA1;Localizzazione2;STRADA2;Strada02;Chilometrica;DaSpecificare;NaturaIncidente;particolaritastrade;TipoStrada;FondoStradale;Pavimentazione;Segnaletica;CondizioneAtmosferica;Traffico;Visibilita;Illuminazione;NUM_FERITI;NUM_RISERVATA;NUM_MORTI;NUM_ILLESI;Longitudine;Latitudine;Confermato;Progressivo;TipoVeicolo;StatoVeicolo;TipoPersona;Sesso;Tipolesione;Deceduto;DecedutoDopo;CinturaCascoUtilizzato;Airbag
2289707;15;20/02/2015 14:20;Strada Urbana;VIA PORTUENSE;da specificare;;;;ALTEZZA PALO LUCE 396 PROX. CIVICO 700;Scontro laterale fra veicoli in marcia;Rettilineo;Due carreggiate;Asciutto;Asfaltata;Assente;Sereno;Normale;Buona;Ore Diurne;0;0;0;5;12.40939;41.84342;-1;1;Autovettura privata;In marcia / fermata / arresto;Passeggero;F;Illeso;0;;Utilizzato;Inesploso
2289707;15;20/02/2015 14:20;Strada Urbana;VIA PORTUENSE;da specificare;;;;ALTEZZA PALO LUCE 396 PROX. CIVICO 700;Scontro laterale fra veicoli in marcia;Rettilineo;Due carreggiate;Asciutto;Asfaltata;Assente;Sereno;Normale;Buona;Ore Diurne;0;0;0;5;12.40939;41.84342;-1;1;Autovettura privata;In marcia / fermata / arresto;Passeggero;F;Illeso;0;;Utilizzato;Inesploso
2289707;15;20/02/2015 14:20;Strada Urbana;VIA PORTUENSE;da specificare;;;;ALTEZZA PALO LUCE 396 PROX. CIVICO 700;Scontro laterale fra veicoli in marcia;Rettilineo;Due carreggiate;Asciutto;Asfaltata;Assente;Sereno;Normale;Buona;Ore Diurne;0;0;0;5;12.40939;41.84342;-1;1;Autovettura privata;In marcia / fermata / arresto;Passeggero;M;Illeso;0;;Utilizzato;Inesploso
2289707;15;20/02/2015 14:20;Strada Urbana;VIA PORTUENSE;da specificare;;;;ALTEZZA PALO LUCE 396 PROX. CIVICO 700;Scontro laterale fra veicoli in marcia;Rettilineo;Due carreggiate;Asciutto;Asfaltata;Assente;Sereno;Normale;Buona;Ore Diurne;0;0;0;5;12.40939;41.84342;-1;2;Autobus di linea;In marcia / fermata / arresto;Conducente;M;Illeso;0;;Utilizzato;Inesploso
2289708;18;17/02/2015 09:45;Strada Urbana;VIA DI CASAL DEL MARMO;in prossimità;;del palo luce n.;131;;Fuoriuscita dalla sede stradale;Curva senza visuale libera;Una carreggiata a doppio senso;Asciutto;Asfaltata;Verticale ed orizzontale;Sereno;Scarso;Buona;Ore Diurne;1;0;0;0;12.38034;41.93094;-1;1;Autovettura privata;In marcia / fermata / arresto;Conducente;F;Rimandato;0;NON DECEDUTO;Non accertato;Inesploso
2289710;11;21/02/2015 07:30;Strada Urbana;VIA CRISTOFORO COLOMBO;all'intersezione semaforizzata con;CIRCONVALLAZIONE OSTIENSE;CIRCONVALLAZIONE OSTIENSE;;;Investimento di pedone;Intersezione semaforizzata;Più di due carreggiate;Asciutto;Asfaltata;Verticale ed orizzontale;Sereno;Normale;Buona;Ore Diurne;1;0;0;1;12.43204;41.7931;-1;;;;Pedone;M;Rimandato;0;NON DECEDUTO;;
2289710;11;21/02/2015 07:30;Strada Urbana;VIA CRISTOFORO COLOMBO;all'intersezione semaforizzata con;CIRCONVALLAZIONE OSTIENSE;CIRCONVALLAZIONE OSTIENSE;;;Investimento di pedone;Intersezione semaforizzata;Più di due carreggiate;Asciutto;Asfaltata;Verticale ed orizzontale;Sereno;Normale;Buona;Ore Diurne;1;0;0;1;12.43204;41.7931;-1;1;Autovettura privata;In marcia / fermata / arresto;Conducente;F;Illeso;0;;Non accertato;Inesploso
2289715;15;20/02/2015 17:00;Strada Urbana;LUNGOTEVERE DI PIETRA PAPA;in corrispondenza;;del civico n.;53;;Investimento di pedone;Rettilineo;Due carreggiate;Asciutto;Asfaltata;Orizzontale;Sereno;Intenso;Buona;Ore Diurne;2;0;0;4;12.47205;41.86171;-1;;;;Pedone;F;Illeso;0;;;
2289715;15;20/02/2015 17:00;Strada Urbana;LUNGOTEVERE DI PIETRA PAPA;in corrispondenza;;del civico n.;53;;Investimento di pedone;Rettilineo;Due carreggiate;Asciutto;Asfaltata;Orizzontale;Sereno;Intenso;Buona;Ore Diurne;2;0;0;4;12.47205;41.86171;-1;;;;Pedone;M;Rimandato;0;NON DECEDUTO;;
2289715;15;20/02/2015 17:00;Strada Urbana;LUNGOTEVERE DI PIETRA PAPA;in corrispondenza;;del civico n.;53;;Investimento di pedone;Rettilineo;Due carreggiate;Asciutto;Asfaltata;Orizzontale;Sereno;Intenso;Buona;Ore Diurne;2;0;0;4;12.47205;41.86171;-1;;;;Pedone;M;Rimandato;0;NON DECEDUTO;;
2289715;15;20/02/2015 17:00;Strada Urbana;LUNGOTEVERE DI PIETRA PAPA;in corrispondenza;;del civico n.;53;;Investimento di pedone;Rettilineo;Due carreggiate;Asciutto;Asfaltata;Orizzontale;Sereno;Intenso;Buona;Ore Diurne;2;0;0;4;12.47205;41.86171;-1;1;Motociclo a solo;In marcia / fermata / arresto;Conducente;M;Illeso;0;;Utilizzato;
2289715;15;20/02/2015 17:00;Strada Urbana;LUNGOTEVERE DI PIETRA PAPA;in corrispondenza;;del civico n.;53;;Investimento di pedone;Rettilineo;Due carreggiate;Asciutto;Asfaltata;Orizzontale;Sereno;Intenso;Buona;Ore Diurne;2;0;0;4;12.47205;41.86171;-1;2;Autovettura privata;In marcia / fermata / arresto;Conducente;M;Illeso;0;;Utilizzato;
2289715;15;20/02/2015 17:00;Strada Urbana;LUNGOTEVERE DI PIETRA PAPA;in corrispondenza;;del civico n.;53;;Investimento di pedone;Rettilineo;Due carreggiate;Asciutto;Asfaltata;Orizzontale;Sereno;Intenso;Buona;Ore Diurne;2;0;0;4;12.47205;41.86171;-1;2;Autovettura privata;In marcia / fermata / arresto;Passeggero;M;Illeso;0;;Utilizzato;
2289722;11;22/02/2015 00:05;Strada Urbana;VIALE GUGLIELMO MARCONI;da specificare;;;;via Caduti senza croce;Scontro frontale fra veicoli in marcia;Rettilineo;Una carreggiata a senso unico di marcia;Bagnato (umidità in atto);Asfaltata;Verticale ed orizzontale;Nebbia;Normale;Buona;Sufficiente;0;0;0;5;12.4709;41.85905;-1;1;Autovettura privata;In marcia / fermata / arresto;Passeggero;M;Illeso;0;;Utilizzato;
2289722;11;22/02/2015 00:05;Strada Urbana;VIALE GUGLIELMO MARCONI;da specificare;;;;via Caduti senza croce;Scontro frontale fra veicoli in marcia;Rettilineo;Una carreggiata a senso unico di marcia;Bagnato (umidità in atto);Asfaltata;Verticale ed orizzontale;Nebbia;Normale;Buona;Sufficiente;0;0;0;5;12.4709;41.85905;-1;1;Autovettura privata;In marcia / fermata / arresto;Passeggero;F;Illeso;0;;Non accertato;
2289722;11;22/02/2015 00:05;Strada Urbana;VIALE GUGLIELMO MARCONI;da specificare;;;;via Caduti senza croce;Scontro frontale fra veicoli in marcia;Rettilineo;Una carreggiata a senso unico di marcia;Bagnato (umidità in atto);Asfaltata;Verticale ed orizzontale;Nebbia;Normale;Buona;Sufficiente;0;0;0;5;12.4709;41.85905;-1;1;Autovettura privata;In marcia / fermata / arresto;Conducente;M;Illeso;0;;Non accertato;
2289722;11;22/02/2015 00:05;Strada Urbana;VIALE GUGLIELMO MARCONI;da specificare;;;;via Caduti senza croce;Scontro frontale fra veicoli in marcia;Rettilineo;Una carreggiata a senso unico di marcia;Bagnato (umidità in atto);Asfaltata;Verticale ed orizzontale;Nebbia;Normale;Buona;Sufficiente;0;0;0;5;12.4709;41.85905;-1;1;Autovettura privata;In marcia / fermata / arresto;Passeggero;F;Illeso;0;;Non accertato;
2289722;11;22/02/2015 00:05;Strada Urbana;VIALE GUGLIELMO MARCONI;da specificare;;;;via Caduti senza croce;Scontro frontale fra veicoli in marcia;Rettilineo;Una carreggiata a senso unico di marcia;Bagnato (umidità in atto);Asfaltata;Verticale ed orizzontale;Nebbia;Normale;Buona;Sufficiente;0;0;0;5;12.4709;41.85905;-1;2;Ciclomotore;In marcia / fermata / arresto;Conducente;M;Illeso;0;;Non accertato;
2289724;11;22/02/2015 09:00;Strada Urbana;VIALE DEL TINTORETTO;in prossimità;;del civico n.;290;;Veicolo in marcia contro ostacolo fisso;Curva senza visuale libera;Due carreggiate;Bagnato (pioggia);Asfaltata;Assente;Pioggia in atto;Scarso;Buona;Ore Diurne;0;0;0;1;12.49015;41.83336;-1;1;Autovettura privata;In marcia / fermata / arresto;Conducente;M;Illeso;0;;Non accertato;Inesploso
2289725;11;22/02/2015 00:18;Strada Urbana;VIA CRISTOFORO COLOMBO;in corrispondenza;;del palo luce n.;133;;Veicolo in marcia contro ostacolo fisso;Rettilineo;Più di due carreggiate;Bagnato (pioggia);Asfaltata;Verticale ed orizzontale;Pioggia in atto;Normale;Sufficiente;Sufficiente;0;0;0;3;12.43204;41.7931;-1;1;Autovettura privata;In marcia / fermata / arresto;Conducente;M;Illeso;0;;Non accertato;Inesploso
2289725;11;22/02/2015 00:18;Strada Urbana;VIA CRISTOFORO COLOMBO;in corrispondenza;;del palo luce n.;133;;Veicolo in marcia contro ostacolo fisso;Rettilineo;Più di due carreggiate;Bagnato (pioggia);Asfaltata;Verticale ed orizzontale;Pioggia in atto;Normale;Sufficiente;Sufficiente;0;0;0;3;12.43204;41.7931;-1;1;Autovettura privata;In marcia / fermata / arresto;Passeggero;M;Illeso;0;;;
2289725;11;22/02/2015 00:18;Strada Urbana;VIA CRISTOFORO COLOMBO;in corrispondenza;;del palo luce n.;133;;Veicolo in marcia contro ostacolo fisso;Rettilineo;Più di due carreggiate;Bagnato (pioggia);Asfaltata;Verticale ed orizzontale;Pioggia in atto;Normale;Sufficiente;Sufficiente;0;0;0;3;12.43204;41.7931;-1;1;Autovettura privata;In marcia / fermata / arresto;Passeggero;M;Illeso;0;;;
2289726;15;20/02/2015 15:15;Strada Urbana;VIA PORTUENSE;all'intersezione con;VIA USINI;VIA USINI;;;Scontro laterale fra veicoli in marcia;Incrocio;Una carreggiata a doppio senso;Asciutto;Asfaltata;Verticale ed orizzontale;Sereno;Scarso;Buona;Ore Diurne;1;0;0;1;12.40939;41.84342;-1;1;Autovettura privata;In marcia / fermata / arresto;Conducente;M;Illeso;0;;Utilizzato;
2289726;15;20/02/2015 15:15;Strada Urbana;VIA PORTUENSE;all'intersezione con;VIA USINI;VIA USINI;;;Scontro laterale fra veicoli in marcia;Incrocio;Una carreggiata a doppio senso;Asciutto;Asfaltata;Verticale ed orizzontale;Sereno;Scarso;Buona;Ore Diurne;1;0;0;1;12.40939;41.84342;-1;2;Ciclomotore;In marcia / fermata / arresto;Conducente;M;Rimandato;0;NON DECEDUTO;;
2289737;18;17/02/2015 14:10;Strada Urbana;VIA DI BOCCEA;in prossimità;;del civico n.;280;;Tamponamento Multiplo;Rettilineo;Una carreggiata a doppio senso;Asciutto;Asfaltata;Verticale ed orizzontale;Sereno;Normale;Buona;Ore Diurne;0;0;0;4;12.4178;41.90355;-1;1;Autovettura privata;In marcia / fermata / arresto;Conducente;M;Illeso;0;;Non accertato;Esploso
2289737;18;17/02/2015 14:10;Strada Urbana;VIA DI BOCCEA;in prossimità;;del civico n.;280;;Tamponamento Multiplo;Rettilineo;Una carreggiata a doppio senso;Asciutto;Asfaltata;Verticale ed orizzontale;Sereno;Normale;Buona;Ore Diurne;0;0;0;4;12.4178;41.90355;-1;2;Autovettura privata;In marcia / fermata / arresto;Conducente;M;Illeso;0;;Non accertato;Inesploso
2289737;18;17/02/2015 14:10;Strada Urbana;VIA DI BOCCEA;in prossimità;;del civico n.;280;;Tamponamento Multiplo;Rettilineo;Una carreggiata a doppio senso;Asciutto;Asfaltata;Verticale ed orizzontale;Sereno;Normale;Buona;Ore Diurne;0;0;0;4;12.4178;41.90355;-1;3;Autocarro inferiore 35 q.;In marcia / fermata / arresto;Conducente;M;Illeso;0;;Non accertato;Inesploso
2289737;18;17/02/2015 14:10;Strada Urbana;VIA DI BOCCEA;in prossimità;;del civico n.;280;;Tamponamento Multiplo;Rettilineo;Una carreggiata a doppio senso;Asciutto;Asfaltata;Verticale ed orizzontale;Sereno;Normale;Buona;Ore Diurne;0;0;0;4;12.4178;41.90355;-1;4;Autovettura privata;In marcia / fermata / arresto;Conducente;M;Illeso;0;;Non accertato;Inesploso
2289740;15;21/02/2015 11:55;Strada Urbana;VIA ENRICO FERMI;in prossimità;;del civico n.;54;;Investimento di pedone;Rettilineo;Una carreggiata a doppio senso;Asciutto;Asfaltata;Orizzontale;Sereno;Scarso;Buona;Ore Diurne;0;0;0;2;12.46978;41.8639;-1;;;;Pedone;F;Illeso;0;;;
2289740;15;21/02/2015 11:55;Strada Urbana;VIA ENRICO FERMI;in prossimità;;del civico n.;54;;Investimento di pedone;Rettilineo;Una carreggiata a doppio senso;Asciutto;Asfaltata;Orizzontale;Sereno;Scarso;Buona;Ore Diurne;0;0;0;2;12.46978;41.8639;-1;1;Autovettura privata;In marcia / fermata / arresto;Conducente;F;Illeso;0;;Non accertato;
2289746;15;21/02/2015 15:30;Strada Urbana;VIA PORTUENSE;in corrispondenza;;del civico n.;1448;;Scontro laterale fra veicoli in marcia;Rettilineo;Una carreggiata a doppio senso;Bagnato (umidità in atto);Asfaltata;Assente;Nuvoloso;Normale;Buona;Ore Diurne;0;0;0;3;12.34601;41.81797;-1;1;Autovettura privata;In marcia / fermata / arresto;Conducente;M;Illeso;0;;Utilizzato;Inesploso
2289746;15;21/02/2015 15:30;Strada Urbana;VIA PORTUENSE;in corrispondenza;;del civico n.;1448;;Scontro laterale fra veicoli in marcia;Rettilineo;Una carreggiata a doppio senso;Bagnato (umidità in atto);Asfaltata;Assente;Nuvoloso;Normale;Buona;Ore Diurne;0;0;0;3;12.34601;41.81797;-1;1;Autovettura privata;In marcia / fermata / arresto;Passeggero;F;Illeso;0;;Utilizzato;Inesploso
2289746;15;21/02/2015 15:30;Strada Urbana;VIA PORTUENSE;in corrispondenza;;del civico n.;1448;;Scontro laterale fra veicoli in marcia;Rettilineo;Una carreggiata a doppio senso;Bagnato (umidità in atto);Asfaltata;Assente;Nuvoloso;Normale;Buona;Ore Diurne;0;0;0;3;12.34601;41.81797;-1;2;Autovettura privata;In marcia / fermata / arresto;Conducente;F;Illeso;0;;Utilizzato;Inesploso
2289748;8;21/02/2015 06:50;Statale entro l'abitato;VIA CASILINA;all'intersezione semaforizzata con;VIA WALTER TOBAGI;VIA WALTER TOBAGI;;;Scontro frontale/laterale SX fra veicoli in marcia;Intersezione semaforizzata;Una carreggiata a doppio senso;Asciutto;Asfaltata;Verticale ed orizzontale;Nuvoloso;Normale;Buona;Ore Diurne;1;0;0;1;12.60933;41.86405;-1;1;Autovettura privata;In marcia / fermata / arresto;Conducente;M;Illeso;0;;Non accertato;Inesploso
2289748;8;21/02/2015 06:50;Statale entro l'abitato;VIA CASILINA;all'intersezione semaforizzata con;VIA WALTER TOBAGI;VIA WALTER TOBAGI;;;Scontro frontale/laterale SX fra veicoli in marcia;Intersezione semaforizzata;Una carreggiata a doppio senso;Asciutto;Asfaltata;Verticale ed orizzontale;Nuvoloso;Normale;Buona;Ore Diurne;1;0;0;1;12.60933;41.86405;-1;2;Motociclo a solo;In marcia / fermata / arresto;Conducente;M;Rimandato;0;NON DECEDUTO;Non accertato;
2289751;8;21/02/2015 10:45;Strada Urbana;VIA DI TOR BELLA MONACA;da specificare;;;;interno parcheggio PEWEX;Investimento di pedone;Rettilineo;Una carreggiata a doppio senso;Asciutto;Asfaltata;Assente;Nuvoloso;Normale;Buona;Ore Diurne;1;0;0;1;12.62813;41.87636;-1;;;;Pedone;F;Rimandato;0;NON DECEDUTO;;
2289751;8;21/02/2015 10:45;Strada Urbana;VIA DI TOR BELLA MONACA;da specificare;;;;interno parcheggio PEWEX;Investimento di pedone;Rettilineo;Una carreggiata a doppio senso;Asciutto;Asfaltata;Assente;Nuvoloso;Normale;Buona;Ore Diurne;1;0;0;1;12.62813;41.87636;-1;1;Autovettura privata;In marcia / fermata / arresto;Conducente;M;Illeso;0;;Non accertato;Inesploso
2289753;5;20/02/2015 21:05;Strada Urbana;VIA FILIPPO MEDA;all'intersezione con;VIA DELLE CAVE DI PIETRALATA;VIA DELLE CAVE DI PIETRALATA;;;Scontro frontale/laterale DX fra veicoli in marcia;Incrocio;Una carreggiata a doppio senso;Asciutto;Asfaltata;Verticale ed orizzontale;Sereno;Scarso;Sufficiente;Sufficiente;4;0;0;0;12.54421;41.91343;-1;1;Autovettura privata;In marcia / fermata / arresto;Conducente;F;Rimandato;0;NON DECEDUTO;Non accertato;
2289753;5;20/02/2015 21:05;Strada Urbana;VIA FILIPPO MEDA;all'intersezione con;VIA DELLE CAVE DI PIETRALATA;VIA DELLE CAVE DI PIETRALATA;;;Scontro frontale/laterale DX fra veicoli in marcia;Incrocio;Una carreggiata a doppio senso;Asciutto;Asfaltata;Verticale ed orizzontale;Sereno;Scarso;Sufficiente;Sufficiente;4;0;0;0;12.54421;41.91343;-1;1;Autovettura privata;In marcia / fermata / arresto;Passeggero;M;Rimandato;0;NON DECEDUTO;Non accertato;
2289753;5;20/02/2015 21:05;Strada Urbana;VIA FILIPPO MEDA;all'intersezione con;VIA DELLE CAVE DI PIETRALATA;VIA DELLE CAVE DI PIETRALATA;;;Scontro frontale/laterale DX fra veicoli in marcia;Incrocio;Una carreggiata a doppio senso;Asciutto;Asfaltata;Verticale ed orizzontale;Sereno;Scarso;Sufficiente;Sufficiente;4;0;0;0;12.54421;41.91343;-1;2;Autovettura privata;In marcia / fermata / arresto;Conducente;M;Rimandato;0;NON DECEDUTO;Non accertato;
2289753;5;20/02/2015 21:05;Strada Urbana;VIA FILIPPO MEDA;all'intersezione con;VIA DELLE CAVE DI PIETRALATA;VIA DELLE CAVE DI PIETRALATA;;;Scontro frontale/laterale DX fra veicoli in marcia;Incrocio;Una carreggiata a doppio senso;Asciutto;Asfaltata;Verticale ed orizzontale;Sereno;Scarso;Sufficiente;Sufficiente;4;0;0;0;12.54421;41.91343;-1;3;Autovettura privata;In marcia / fermata / arresto;Conducente;F;Rimandato;0;NON DECEDUTO;Non accertato;
2289754;15;22/02/2015 22:00;Comunale extraurbana;VIA PORTUENSE;da specificare;;;;FRONTE CIV. 959;Tamponamento;Rettilineo;Una carreggiata a doppio senso;Asciutto;Asfaltata;Orizzontale;Nuvoloso;Scarso;Buona;Sufficiente;1;0;0;1;12.40939;41.84342;-1;1;Autovettura privata;In marcia / fermata / arresto;Conducente;F;Illeso;0;;;
2289754;15;22/02/2015 22:00;Comunale extraurbana;VIA PORTUENSE;da specificare;;;;FRONTE CIV. 959;Tamponamento;Rettilineo;Una carreggiata a doppio senso;Asciutto;Asfaltata;Orizzontale;Nuvoloso;Scarso;Buona;Sufficiente;1;0;0;1;12.40939;41.84342;-1;2;Motociclo a solo;In marcia / fermata / arresto;Conducente;M;Ricoverato;0;NON DECEDUTO;Utilizzato;
2289755;8;21/02/2015 12:00;Strada Urbana;VIA DI VERMICINO;in prossimità;;del civico n.;70;;Scontro frontale/laterale DX fra veicoli in marcia;Rettilineo;Una carreggiata a doppio senso;Asciutto;Asfaltata;Verticale ed orizzontale;Nuvoloso;Normale;Buona;Ore Diurne;0;0;0;2;12.67295;41.85884;-1;1;Autovettura privata;In marcia / fermata / arresto;Conducente;M;Illeso;0;;Non accertato;Inesploso
2289755;8;21/02/2015 12:00;Strada Urbana;VIA DI VERMICINO;in prossimità;;del civico n.;70;;Scontro frontale/laterale DX fra veicoli in marcia;Rettilineo;Una carreggiata a doppio senso;Asciutto;Asfaltata;Verticale ed orizzontale;Nuvoloso;Normale;Buona;Ore Diurne;0;0;0;2;12.67295;41.85884;-1;2;Autovettura privata;In marcia / fermata / arresto;Conducente;M;Illeso;0;;Non accertato;Inesploso
2289758;9;22/02/2015 23:25;Strada Urbana;VIA VOGHERA;all'intersezione con;VIA FOLIGNO;VIA FOLIGNO;;;Scontro frontale/laterale SX fra veicoli in marcia;Incrocio;Due carreggiate;Asciutto;Asfaltata;Verticale ed orizzontale;Sereno;Scarso;Sufficiente;Sufficiente;0;0;0;2;12.51894;41.88612;-1;1;Autovettura privata;In marcia / fermata / arresto;Conducente;M;Illeso;0;;Non accertato;Inesploso
2289758;9;22/02/2015 23:25;Strada Urbana;VIA VOGHERA;all'intersezione con;VIA FOLIGNO;VIA FOLIGNO;;;Scontro frontale/laterale SX fra veicoli in marcia;Incrocio;Due carreggiate;Asciutto;Asfaltata;Verticale ed orizzontale;Sereno;Scarso;Sufficiente;Sufficiente;0;0;0;2;12.51894;41.88612;-1;2;Autovettura privata;In marcia / fermata / arresto;Conducente;M;Illeso;0;;Non accertato;Inesploso
2289760;5;21/02/2015 09:00;Strada Urbana;VIALE PALMIRO TOGLIATTI;da specificare;;;;alt. cavalcavia ferrovia Roma-Pescara;Scontro laterale fra veicoli in marcia;Cavalcavia;Due carreggiate;Asciutto;Asfaltata;Orizzontale;Sereno;Normale;Buona;Ore Diurne;0;0;0;2;12.57339;41.88769;-1;1;Autovettura privata;In marcia / fermata / arresto;Conducente;M;Illeso;0;;Non accertato;Inesploso
2289760;5;21/02/2015 09:00;Strada Urbana;VIALE PALMIRO TOGLIATTI;da specificare;;;;alt. cavalcavia ferrovia Roma-Pescara;Scontro laterale fra veicoli in marcia;Cavalcavia;Due carreggiate;Asciutto;Asfaltata;Orizzontale;Sereno;Normale;Buona;Ore Diurne;0;0;0;2;12.57339;41.88769;-1;2;Autovettura privata;In marcia / fermata / arresto;Conducente;F;Illeso;0;;Non accertato;Inesploso
2289762;8;22/02/2015 17:50;Strada Urbana;VIA DI TOR BELLA MONACA;da specificare;;;;altezza svolta per via QUAGLIA;Scontro laterale fra veicoli in marcia;Rettilineo;Una carreggiata a senso unico di marcia;Asciutto;Asfaltata;Verticale ed orizzontale;Sereno;Normale;Buona;Sufficiente;0;0;0;3;12.62813;41.87636;-1;1;Autovettura privata;In marcia / fermata / arresto;Conducente;F;Illeso;0;;Non accertato;Inesploso
2289762;8;22/02/2015 17:50;Strada Urbana;VIA DI TOR BELLA MONACA;da specificare;;;;altezza svolta per via QUAGLIA;Scontro laterale fra veicoli in marcia;Rettilineo;Una carreggiata a senso unico di marcia;Asciutto;Asfaltata;Verticale ed orizzontale;Sereno;Normale;Buona;Sufficiente;0;0;0;3;12.62813;41.87636;-1;2;Autovettura privata;In marcia / fermata / arresto;Conducente;F;Illeso;0;;Non accertato;Inesploso
2289762;8;22/02/2015 17:50;Strada Urbana;VIA DI TOR BELLA MONACA;da specificare;;;;altezza svolta per via QUAGLIA;Scontro laterale fra veicoli in marcia;Rettilineo;Una carreggiata a senso unico di marcia;Asciutto;Asfaltata;Verticale ed orizzontale;Sereno;Normale;Buona;Sufficiente;0;0;0;3;12.62813;41.87636;-1;2;Autovettura privata;In marcia / fermata / arresto;Passeggero;F;Illeso;0;;Non accertato;Inesploso
2289763;5;21/02/2015 09:45;Strada Urbana;VIA DI PORTONACCIO;in prossimità;;del civico n.;33;;Scontro frontale/laterale SX fra veicoli in marcia;Rettilineo;Due carreggiate;Asciutto;Asfaltata;Verticale ed orizzontale;Nuvoloso;Normale;Buona;Ore Diurne;1;0;0;1;12.53655;41.90356;-1;1;Autovettura privata;In marcia / fermata / arresto;Conducente;M;Illeso;0;;Non accertato;
2289763;5;21/02/2015 09:45;Strada Urbana;VIA DI PORTONACCIO;in prossimità;;del civico n.;33;;Scontro frontale/laterale SX fra veicoli in marcia;Rettilineo;Due carreggiate;Asciutto;Asfaltata;Verticale ed orizzontale;Nuvoloso;Normale;Buona;Ore Diurne;1;0;0;1;12.53655;41.90356;-1;2;Motociclo a solo;In marcia / fermata / arresto;Conducente;M;Rimandato;0;NON DECEDUTO;Non accertato;
2289764;15;22/02/2015 21:40;Strada Urbana;VIA DELLA MAGLIANA;da specificare;;;;PROX. RAMPA USCITA DEL VIADOTTO MAGLIANA;Scontro laterale fra veicoli in marcia;Rettilineo;Una carreggiata a senso unico di marcia;Asciutto;Asfaltata;Verticale ed orizzontale;Nuvoloso;Normale;Buona;Sufficiente;0;0;0;3;12.41968;41.83177;-1;1;Autovettura privata;In marcia / fermata / arresto;Conducente;M;Illeso;0;;Utilizzato;
2289764;15;22/02/2015 21:40;Strada Urbana;VIA DELLA MAGLIANA;da specificare;;;;PROX. RAMPA USCITA DEL VIADOTTO MAGLIANA;Scontro laterale fra veicoli in marcia;Rettilineo;Una carreggiata a senso unico di marcia;Asciutto;Asfaltata;Verticale ed orizzontale;Nuvoloso;Normale;Buona;Sufficiente;0;0;0;3;12.41968;41.83177;-1;2;Autovettura privata;In marcia / fermata / arresto;Conducente;M;Illeso;0;;Utilizzato;
2289764;15;22/02/2015 21:40;Strada Urbana;VIA DELLA MAGLIANA;da specificare;;;;PROX. RAMPA USCITA DEL VIADOTTO MAGLIANA;Scontro laterale fra veicoli in marcia;Rettilineo;Una carreggiata a senso unico di marcia;Asciutto;Asfaltata;Verticale ed orizzontale;Nuvoloso;Normale;Buona;Sufficiente;0;0;0;3;12.41968;41.83177;-1;2;Autovettura privata;In marcia / fermata / arresto;Passeggero;M;Illeso;0;;Utilizzato;
2289767;8;22/02/2015 10:55;Provinciale entro l'abitato;VIA POLENSE;all'intersezione con;VIA TIVOLESE;VIA TIVOLESE;;;Scontro frontale/laterale SX fra veicoli in marcia;Incrocio;Una carreggiata a doppio senso;Asciutto;Asfaltata;Verticale ed orizzontale;Nuvoloso;Normale;Buona;Ore Diurne;0;0;0;3;12.70292;41.89532;-1;1;Autovettura privata;In marcia / fermata / arresto;Conducente;M;Illeso;0;;Non accertato;Inesploso
2289767;8;22/02/2015 10:55;Provinciale entro l'abitato;VIA POLENSE;all'intersezione con;VIA TIVOLESE;VIA TIVOLESE;;;Scontro frontale/laterale SX fra veicoli in marcia;Incrocio;Una carreggiata a doppio senso;Asciutto;Asfaltata;Verticale ed orizzontale;Nuvoloso;Normale;Buona;Ore Diurne;0;0;0;3;12.70292;41.89532;-1;1;Autovettura privata;In marcia / fermata / arresto;Passeggero;F;Illeso;0;;Non accertato;Inesploso
2289767;8;22/02/2015 10:55;Provinciale entro l'abitato;VIA POLENSE;all'intersezione con;VIA TIVOLESE;VIA TIVOLESE;;;Scontro frontale/laterale SX fra veicoli in marcia;Incrocio;Una carreggiata a doppio senso;Asciutto;Asfaltata;Verticale ed orizzontale;Nuvoloso;Normale;Buona;Ore Diurne;0;0;0;3;12.70292;41.89532;-1;2;Autovettura privata;In marcia / fermata / arresto;Conducente;M;Illeso;0;;Non accertato;Inesploso
2289768;5;21/02/2015 11:15;Strada Urbana;VIA DEI MONTI DI PIETRALATA;all'intersezione con;VIA CARLO PERRIER;VIA CARLO PERRIER;;;Scontro frontale/laterale SX fra veicoli in marcia;Incrocio;Una carreggiata a doppio senso;Asciutto;Asfaltata;Orizzontale;Nuvoloso;Scarso;Buona;Ore Diurne;0;0;0;3;12.53214;41.92246;-1;1;Autovettura privata;In marcia / fermata / arresto;Conducente;M;Illeso;0;;Non accertato;Inesistente
2289768;5;21/02/2015 11:15;Strada Urbana;VIA DEI MONTI DI PIETRALATA;all'intersezione con;VIA CARLO PERRIER;VIA CARLO PERRIER;;;Scontro frontale/laterale SX fra veicoli in marcia;Incrocio;Una carreggiata a doppio senso;Asciutto;Asfaltata;Orizzontale;Nuvoloso;Scarso;Buona;Ore Diurne;0;0;0;3;12.53214;41.92246;-1;2;Autovettura privata;In marcia / fermata / arresto;Conducente;M;Illeso;0;;Non accertato;Inesistente
2289768;5;21/02/2015 11:15;Strada Urbana;VIA DEI MONTI DI PIETRALATA;all'intersezione con;VIA CARLO PERRIER;VIA CARLO PERRIER;;;Scontro frontale/laterale SX fra veicoli in marcia;Incrocio;Una carreggiata a doppio senso;Asciutto;Asfaltata;Orizzontale;Nuvoloso;Scarso;Buona;Ore Diurne;0;0;0;3;12.53214;41.92246;-1;2;Autovettura privata;In marcia / fermata / arresto;Passeggero;F;Illeso;0;;Non accertato;Inesistente