Protocollo;Gruppo;DataOraIncidente;Localizzazione1;STRADA1;Localizzazione2;STRADA2;Strada02;Chilometrica;DaSpecificare;NaturaIncidente;particolaritastrade;TipoStrada;FondoStradale;Pavimentazione;Segnaletica;CondizioneAtmosferica;Traffico;Visibilita;Illuminazione;NUM_FERITI;NUM_RISERVATA;NUM_MORTI;NUM_ILLESI;Longitudine;Latitudine;Confermato;Progressivo;TipoVeicolo;StatoVeicolo;TipoPersona;Sesso;Tipolesione;Deceduto;DecedutoDopo;CinturaCascoUtilizzato;Airbag
2292253;2;25/02/2015 09:45;Strada Urbana;VIA NOMENTANA;all'intersezione semaforizzata con;VIA DELLA BATTERIA NOMENTANA;VIA DELLA BATTERIA NOMENTANA;;;Scontro frontale/laterale DX fra veicoli in marcia;Intersezione semaforizzata;Più di due carreggiate;Asciutto;Asfaltata;Verticale ed orizzontale;Sereno;Normale;Buona;Ore Diurne;1;0;0;1;12.52452;41.92755;-1;2;Autovettura pubblica;In marcia / fermata / arresto;Conducente;F;Illeso;0;;Non accertato;
2292292;8;25/02/2015 12:40;Provinciale entro l'abitato;VIA PRENESTINA;all'intersezione con;VIA GROTTAMINARDA;VIA GROTTAMINARDA;;;Veicolo in marcia contro veicoli in sosta;Incrocio;Una carreggiata a doppio senso;Asciutto;Asfaltata;Verticale ed orizzontale;Nuvoloso;Normale;Sufficiente;Ore Diurne;0;0;0;1;12.63115;41.89264;-1;1;Autovettura privata;In marcia / fermata / arresto;Conducente;F;Illeso;0;;Non accertato;Inesploso
2292293;9;25/02/2015 08:45;Strada Urbana;VIA TARANTO;all'intersezione semaforizzata con;VIA MONZA;VIA MONZA;;;Scontro frontale/laterale DX fra veicoli in marcia;Incrocio;Una carreggiata a doppio senso;Asciutto;Asfaltata;Verticale ed orizzontale;Sereno;Normale;Buona;Ore Diurne;0;0;0;2;12.515;41.88461;-1;1;Autocarro inferiore 35 q.;In marcia / fermata / arresto;Conducente;M;Illeso;0;;Non accertato;Inesploso
2292293;9;25/02/2015 08:45;Strada Urbana;VIA TARANTO;all'intersezione semaforizzata con;VIA MONZA;VIA MONZA;;;Scontro frontale/laterale DX fra veicoli in marcia;Incrocio;Una carreggiata a doppio senso;Asciutto;Asfaltata;Verticale ed orizzontale;Sereno;Normale;Buona;Ore Diurne;0;0;0;2;12.515;41.88461;-1;2;Motociclo a solo;In marcia / fermata / arresto;Conducente;M;Illeso;0;;Non accertato;
2292294;9;25/02/2015 10:00;Strada Urbana;VIA GENZANO;all'intersezione con;VIA POGGI D'ORO;VIA POGGI D'ORO;;;Scontro frontale/laterale DX fra veicoli in marcia;Incrocio;Una carreggiata a senso unico di marcia;Asciutto;Asfaltata;Verticale ed orizzontale;Sereno;Normale;Buona;Ore Diurne;0;0;0;2;12.5326;41.87056;-1;1;Autocarro inferiore 35 q.;In marcia / fermata / arresto;Conducente;M;Illeso;0;;Non accertato;Inesploso
2292294;9;25/02/2015 10:00;Strada Urbana;VIA GENZANO;all'intersezione con;VIA POGGI D'ORO;VIA POGGI D'ORO;;;Scontro frontale/laterale DX fra veicoli in marcia;Incrocio;Una carreggiata a senso unico di marcia;Asciutto;Asfaltata;Verticale ed orizzontale;Sereno;Normale;Buona;Ore Diurne;0;0;0;2;12.5326;41.87056;-1;2;Autovettura privata;In marcia / fermata / arresto;Conducente;M;Illeso;0;;Non accertato;Inesploso
2292309;5;25/02/2015 11:30;Strada Urbana;VIA DI SALONE;all'intersezione con;VIA ROCCASECCA;VIA ROCCASECCA;;;Scontro frontale/laterale SX fra veicoli in marcia;Incrocio;Una carreggiata a doppio senso;Asciutto;Asfaltata;Orizzontale;Sereno;Intenso;Buona;Ore Diurne;1;0;0;1;12.62777;41.92962;-1;1;Autocarro inferiore 35 q.;In marcia / fermata / arresto;Conducente;M;Illeso;0;;Non accertato;
2292309;5;25/02/2015 11:30;Strada Urbana;VIA DI SALONE;all'intersezione con;VIA ROCCASECCA;VIA ROCCASECCA;;;Scontro frontale/laterale SX fra veicoli in marcia;Incrocio;Una carreggiata a doppio senso;Asciutto;Asfaltata;Orizzontale;Sereno;Intenso;Buona;Ore Diurne;1;0;0;1;12.62777;41.92962;-1;2;Motociclo a solo;In marcia / fermata / arresto;Conducente;M;Rimandato;0;NON DECEDUTO;Non accertato;
2292315;20;25/02/2015 12:20;Strada Urbana;VIA JONAS EDWARD SALK;in prossimità;;del civico n.;80;;Scontro frontale fra veicoli in marcia;Curva senza visuale libera;Una carreggiata a doppio senso;Bagnato (pioggia);Asfaltata;Verticale ed orizzontale;Nuvoloso;Normale;Buona;Ore Diurne;0;0;0;2;12.48567;41.98686;-1;1;Autovettura privata;In marcia / fermata / arresto;Conducente;M;Illeso;0;;Non accertato;Esploso
2292315;20;25/02/2015 12:20;Strada Urbana;VIA JONAS EDWARD SALK;in prossimità;;del civico n.;80;;Scontro frontale fra veicoli in marcia;Curva senza visuale libera;Una carreggiata a doppio senso;Bagnato (pioggia);Asfaltata;Verticale ed orizzontale;Nuvoloso;Normale;Buona;Ore Diurne;0;0;0;2;12.48567;41.98686;-1;2;Autovettura privata;In marcia / fermata / arresto;Conducente;F;Illeso;0;;Non accertato;Esploso
2292382;13;25/02/2015 12:50;Strada Urbana;VIA DI ACILIA;all'intersezione con;VIA FRANCESCO MENZIO;VIA FRANCESCO MENZIO;;;Scontro frontale/laterale SX fra veicoli in marcia;Incrocio;Una carreggiata a doppio senso;Bagnato (pioggia);Asfaltata;Orizzontale;Pioggia in atto;Normale;Buona;Ore Diurne;2;0;0;2;12.37134;41.77376;-1;1;Autobus di linea;In marcia / fermata / arresto;Conducente;M;Illeso;0;;Esente;Inesploso
2292382;13;25/02/2015 12:50;Strada Urbana;VIA DI ACILIA;all'intersezione con;VIA FRANCESCO MENZIO;VIA FRANCESCO MENZIO;;;Scontro frontale/laterale SX fra veicoli in marcia;Incrocio;Una carreggiata a doppio senso;Bagnato (pioggia);Asfaltata;Orizzontale;Pioggia in atto;Normale;Buona;Ore Diurne;2;0;0;2;12.37134;41.77376;-1;1;Autobus di linea;In marcia / fermata / arresto;Passeggero;M;Rimandato;0;NON DECEDUTO;Esente;Inesistente
2292382;13;25/02/2015 12:50;Strada Urbana;VIA DI ACILIA;all'intersezione con;VIA FRANCESCO MENZIO;VIA FRANCESCO MENZIO;;;Scontro frontale/laterale SX fra veicoli in marcia;Incrocio;Una carreggiata a doppio senso;Bagnato (pioggia);Asfaltata;Orizzontale;Pioggia in atto;Normale;Buona;Ore Diurne;2;0;0;2;12.37134;41.77376;-1;1;Autobus di linea;In marcia / fermata / arresto;Passeggero;F;Rimandato;0;NON DECEDUTO;Esente;Inesistente
2292382;13;25/02/2015 12:50;Strada Urbana;VIA DI ACILIA;all'intersezione con;VIA FRANCESCO MENZIO;VIA FRANCESCO MENZIO;;;Scontro frontale/laterale SX fra veicoli in marcia;Incrocio;Una carreggiata a doppio senso;Bagnato (pioggia);Asfaltata;Orizzontale;Pioggia in atto;Normale;Buona;Ore Diurne;2;0;0;2;12.37134;41.77376;-1;2;Autovettura privata;In marcia / fermata / arresto;Conducente;F;Illeso;0;;Non accertato;Inesploso
2292384;1;19/02/2015 09:30;Strada Urbana;PIAZZA VENEZIA;da specificare;;;;altezza PALAZZO ASSICURAZIONI GENERALI;Infortunio per sola frenata improvvisa;Rettilineo;Una carreggiata a senso unico di marcia;Asciutto;In cubetti di porfido;Verticale ed orizzontale;Sereno;Intenso;Buona;Ore Diurne;1;0;0;0;12.48251;41.8956;-1;1;Motociclo a solo;In marcia / fermata / arresto;Conducente;F;Rimandato;0;NON DECEDUTO;Utilizzato;
2292392;1;19/02/2015 12:10;Strada Urbana;PIAZZA DELL'ESQUILINO;all'intersezione semaforizzata con;VIA CAVOUR;VIA CAVOUR;;;Scontro laterale fra veicoli in marcia;Intersezione semaforizzata;Una carreggiata a senso unico di marcia;Asciutto;Asfaltata;Assente;Sereno;Normale;Buona;Ore Diurne;0;0;0;3;12.49836;41.89823;-1;1;Autobus turistico;In marcia / fermata / arresto;Conducente;M;Illeso;0;;Non accertato;Inesploso
2292392;1;19/02/2015 12:10;Strada Urbana;PIAZZA DELL'ESQUILINO;all'intersezione semaforizzata con;VIA CAVOUR;VIA CAVOUR;;;Scontro laterale fra veicoli in marcia;Intersezione semaforizzata;Una carreggiata a senso unico di marcia;Asciutto;Asfaltata;Assente;Sereno;Normale;Buona;Ore Diurne;0;0;0;3;12.49836;41.89823;-1;2;Autovettura di polizia;In marcia / fermata / arresto;Conducente;M;Illeso;0;;Esente;Inesploso
2292392;1;19/02/2015 12:10;Strada Urbana;PIAZZA DELL'ESQUILINO;all'intersezione semaforizzata con;VIA CAVOUR;VIA CAVOUR;;;Scontro laterale fra veicoli in marcia;Intersezione semaforizzata;Una carreggiata a senso unico di marcia;Asciutto;Asfaltata;Assente;Sereno;Normale;Buona;Ore Diurne;0;0;0;3;12.49836;41.89823;-1;2;Autovettura di polizia;In marcia / fermata / arresto;Passeggero;M;Illeso;0;;Non accertato;Inesploso
2292410;1;24/02/2015 17:05;Strada Urbana;VIA DEL CASTRO PRETORIO;in prossimità;;del civico n.;3;;Infortunio per sola frenata improvvisa;Galleria non illuminata;Una carreggiata a doppio senso;Bagnato (pioggia);Asfaltata;Verticale ed orizzontale;Pioggia in atto;Normale;Sufficiente;Insufficiente;0;0;0;4;12.50514;41.90131;-1;1;Motociclo a solo;In marcia / fermata / arresto;Conducente;M;Illeso;0;;Utilizzato;
2292410;1;24/02/2015 17:05;Strada Urbana;VIA DEL CASTRO PRETORIO;in prossimità;;del civico n.;3;;Infortunio per sola frenata improvvisa;Galleria non illuminata;Una carreggiata a doppio senso;Bagnato (pioggia);Asfaltata;Verticale ed orizzontale;Pioggia in atto;Normale;Sufficiente;Insufficiente;0;0;0;4;12.50514;41.90131;-1;2;Autovettura di polizia;In marcia / fermata / arresto;Conducente;M;Illeso;0;;Non accertato;
2292410;1;24/02/2015 17:05;Strada Urbana;VIA DEL CASTRO PRETORIO;in prossimità;;del civico n.;3;;Infortunio per sola frenata improvvisa;Galleria non illuminata;Una carreggiata a doppio senso;Bagnato (pioggia);Asfaltata;Verticale ed orizzontale;Pioggia in atto;Normale;Sufficiente;Insufficiente;0;0;0;4;12.50514;41.90131;-1;2;Autovettura di polizia;In marcia / fermata / arresto;Passeggero;M;Illeso;0;;Non accertato;Inesistente
2292410;1;24/02/2015 17:05;Strada Urbana;VIA DEL CASTRO PRETORIO;in prossimità;;del civico n.;3;;Infortunio per sola frenata improvvisa;Galleria non illuminata;Una carreggiata a doppio senso;Bagnato (pioggia);Asfaltata;Verticale ed orizzontale;Pioggia in atto;Normale;Sufficiente;Insufficiente;0;0;0;4;12.50514;41.90131;-1;2;Autovettura di polizia;In marcia / fermata / arresto;Passeggero;M;Illeso;0;;Non accertato;Inesistente
2292413;12;24/02/2015 13:30;Statale;VIA OSTIENSE;all'intersezione con;VIA MONTE DEL FINOCCHIO;VIA MONTE DEL FINOCCHIO;;;Scontro frontale/laterale SX fra veicoli in marcia;Incrocio;Una carreggiata a doppio senso;Asciutto;Asfaltata;Verticale ed orizzontale;Sereno;Normale;Buona;Ore Diurne;1;0;0;1;12.45374;41.83292;-1;1;Autovettura privata;In marcia / fermata / arresto;Conducente;F;Illeso;0;;Non accertato;Inesistente
2292413;12;24/02/2015 13:30;Statale;VIA OSTIENSE;all'intersezione con;VIA MONTE DEL FINOCCHIO;VIA MONTE DEL FINOCCHIO;;;Scontro frontale/laterale SX fra veicoli in marcia;Incrocio;Una carreggiata a doppio senso;Asciutto;Asfaltata;Verticale ed orizzontale;Sereno;Normale;Buona;Ore Diurne;1;0;0;1;12.45374;41.83292;-1;2;Motociclo con passeggero;In marcia / fermata / arresto;Conducente;M;Rimandato;0;NON DECEDUTO;Utilizzato;
2292418;1;25/02/2015 10:10;Strada Urbana;VIA GALVANI;all'intersezione semaforizzata con;VIA NICOLA ZABAGLIA;VIA NICOLA ZABAGLIA;;;Tamponamento;Intersezione semaforizzata;Una carreggiata a doppio senso;Asciutto;Asfaltata;Verticale ed orizzontale;Nuvoloso;Normale;Buona;Ore Diurne;1;0;0;1;12.47599;41.87725;-1;1;Autovettura privata;In marcia / fermata / arresto;Conducente;M;Rimandato;0;NON DECEDUTO;Utilizzato;Inesploso
2292418;1;25/02/2015 10:10;Strada Urbana;VIA GALVANI;all'intersezione semaforizzata con;VIA NICOLA ZABAGLIA;VIA NICOLA ZABAGLIA;;;Tamponamento;Intersezione semaforizzata;Una carreggiata a doppio senso;Asciutto;Asfaltata;Verticale ed orizzontale;Nuvoloso;Normale;Buona;Ore Diurne;1;0;0;1;12.47599;41.87725;-1;2;Autovettura privata;In marcia / fermata / arresto;Conducente;F;Illeso;0;;Utilizzato;Inesploso
2292422;13;25/02/2015 07:50;Strada Urbana;VIA CARLO CASINI;all'intersezione con;VICOLO DI DRAGONE;VICOLO DI DRAGONE;;;Scontro frontale/laterale DX fra veicoli in marcia;Incrocio;Una carreggiata a senso unico di marcia;Bagnato (pioggia);Asfaltata;Verticale;Sereno;Normale;Buona;Ore Diurne;1;0;0;1;12.33955;41.77866;-1;1;Autovettura privata;In marcia / fermata / arresto;Conducente;F;Rimandato;0;NON DECEDUTO;;
2292422;13;25/02/2015 07:50;Strada Urbana;VIA CARLO CASINI;all'intersezione con;VICOLO DI DRAGONE;VICOLO DI DRAGONE;;;Scontro frontale/laterale DX fra veicoli in marcia;Incrocio;Una carreggiata a senso unico di marcia;Bagnato (pioggia);Asfaltata;Verticale;Sereno;Normale;Buona;Ore Diurne;1;0;0;1;12.33955;41.77866;-1;2;Autovettura privata;In marcia / fermata / arresto;Conducente;F;Illeso;0;;Non accertato;Inesploso
2292430;5;25/02/2015 13:20;Strada Urbana;VIA DI CASAL BRUCIATO;all'intersezione con;VIA GIUSEPPE DONATI;VIA GIUSEPPE DONATI;;;Scontro frontale/laterale DX fra veicoli in marcia;Incrocio;Una carreggiata a senso unico di marcia;Asciutto;Asfaltata;Verticale ed orizzontale;Nuvoloso;Normale;Buona;Ore Diurne;0;0;0;1;12.54678;41.90644;-1;1;Autovettura privata;In marcia / fermata / arresto;Conducente;F;Illeso;0;;Non accertato;Inesploso
2292433;1;25/02/2015 09:05;Strada Urbana;PIAZZA BARBERINI;all'intersezione semaforizzata con;VIA DI S. BASILIO;VIA DI S. BASILIO;;;Scontro frontale/laterale DX fra veicoli in marcia;Intersezione semaforizzata;Una carreggiata a senso unico di marcia;Asciutto;Asfaltata;Verticale ed orizzontale;Nuvoloso;Normale;Buona;Ore Diurne;0;0;0;3;12.48864;41.90378;-1;1;Autovettura pubblica;In marcia / fermata / arresto;Conducente;F;Illeso;0;;Non accertato;
2292433;1;25/02/2015 09:05;Strada Urbana;PIAZZA BARBERINI;all'intersezione semaforizzata con;VIA DI S. BASILIO;VIA DI S. BASILIO;;;Scontro frontale/laterale DX fra veicoli in marcia;Intersezione semaforizzata;Una carreggiata a senso unico di marcia;Asciutto;Asfaltata;Verticale ed orizzontale;Nuvoloso;Normale;Buona;Ore Diurne;0;0;0;3;12.48864;41.90378;-1;2;Autovettura pubblica;In marcia / fermata / arresto;Conducente;M;Illeso;0;;Non accertato;
2292433;1;25/02/2015 09:05;Strada Urbana;PIAZZA BARBERINI;all'intersezione semaforizzata con;VIA DI S. BASILIO;VIA DI S. BASILIO;;;Scontro frontale/laterale DX fra veicoli in marcia;Intersezione semaforizzata;Una carreggiata a senso unico di marcia;Asciutto;Asfaltata;Verticale ed orizzontale;Nuvoloso;Normale;Buona;Ore Diurne;0;0;0;3;12.48864;41.90378;-1;2;Autovettura pubblica;In marcia / fermata / arresto;Passeggero;M;Illeso;0;;Non accertato;
2292458;12;24/02/2015 08:40;Strada Urbana;VIALE AMERICA;in prossimità;;del civico n.;201;;Scontro frontale/laterale DX fra veicoli in marcia;Rettilineo;Due carreggiate;Asciutto;Asfaltata;Orizzontale;Sereno;Normale;Buona;Ore Diurne;1;0;0;1;12.46646;41.83021;-1;1;Motociclo a solo;In marcia / fermata / arresto;Conducente;M;Rimandato;0;NON DECEDUTO;Utilizzato;
2292458;12;24/02/2015 08:40;Strada Urbana;VIALE AMERICA;in prossimità;;del civico n.;201;;Scontro frontale/laterale DX fra veicoli in marcia;Rettilineo;Due carreggiate;Asciutto;Asfaltata;Orizzontale;Sereno;Normale;Buona;Ore Diurne;1;0;0;1;12.46646;41.83021;-1;2;Autovettura privata;In marcia / fermata / arresto;Conducente;M;Illeso;0;;Utilizzato;Inesploso
2292478;12;24/02/2015 10:10;Regionale entro l'abitato;VIA PONTINA NUOVA;da specificare;;;;altezza km. 11,300 (Direzione Roma Centro);Tamponamento;Rettilineo;Due carreggiate;Asciutto;Asfaltata;Verticale ed orizzontale;Nuvoloso;Normale;Buona;Ore Diurne;2;0;0;2;12.4591;41.81138;-1;1;Autovettura privata;In marcia / fermata / arresto;Conducente;M;Illeso;0;;Utilizzato;Inesploso
2292478;12;24/02/2015 10:10;Regionale entro l'abitato;VIA PONTINA NUOVA;da specificare;;;;altezza km. 11,300 (Direzione Roma Centro);Tamponamento;Rettilineo;Due carreggiate;Asciutto;Asfaltata;Verticale ed orizzontale;Nuvoloso;Normale;Buona;Ore Diurne;2;0;0;2;12.4591;41.81138;-1;2;Autovettura privata;In marcia / fermata / arresto;Conducente;M;Illeso;0;;Utilizzato;Inesploso
2292478;12;24/02/2015 10:10;Regionale entro l'abitato;VIA PONTINA NUOVA;da specificare;;;;altezza km. 11,300 (Direzione Roma Centro);Tamponamento;Rettilineo;Due carreggiate;Asciutto;Asfaltata;Verticale ed orizzontale;Nuvoloso;Normale;Buona;Ore Diurne;2;0;0;2;12.4591;41.81138;-1;2;Autovettura privata;In marcia / fermata / arresto;Passeggero;F;Rimandato;0;NON DECEDUTO;Utilizzato;Inesploso
2292478;12;24/02/2015 10:10;Regionale entro l'abitato;VIA PONTINA NUOVA;da specificare;;;;altezza km. 11,300 (Direzione Roma Centro);Tamponamento;Rettilineo;Due carreggiate;Asciutto;Asfaltata;Verticale ed orizzontale;Nuvoloso;Normale;Buona;Ore Diurne;2;0;0;2;12.4591;41.81138;-1;2;Autovettura privata;In marcia / fermata / arresto;Passeggero;M;Rimandato;0;NON DECEDUTO;Utilizzato;Inesploso
2292490;12;24/02/2015 10:55;Strada Urbana;VIA CRISTOFORO COLOMBO;all'intersezione semaforizzata con;VIALE DELLA CIVILTA' DEL LAVORO;VIALE DELLA CIVILTA' DEL LAVORO;;;Scontro frontale/laterale SX fra veicoli in marcia;Intersezione semaforizzata;Più di due carreggiate;Asciutto;Asfaltata;Verticale ed orizzontale;Nuvoloso;Normale;Buona;Ore Diurne;1;0;0;1;12.47155;41.83489;-1;1;Motociclo a solo;In marcia / fermata / arresto;Conducente;M;Ricoverato;0;NON DECEDUTO;Utilizzato;
2292490;12;24/02/2015 10:55;Strada Urbana;VIA CRISTOFORO COLOMBO;all'intersezione semaforizzata con;VIALE DELLA CIVILTA' DEL LAVORO;VIALE DELLA CIVILTA' DEL LAVORO;;;Scontro frontale/laterale SX fra veicoli in marcia;Intersezione semaforizzata;Più di due carreggiate;Asciutto;Asfaltata;Verticale ed orizzontale;Nuvoloso;Normale;Buona;Ore Diurne;1;0;0;1;12.47155;41.83489;-1;2;Autovettura privata;In marcia / fermata / arresto;Conducente;M;Illeso;0;;Non accertato;Inesploso
2292522;5;25/02/2015 15:25;Strada Urbana;VIA DEI MONTI DI PIETRALATA;da specificare;;;;sotto il cavalcavia di VIA DEI MONTI TIBURTINI;Tamponamento;Rettilineo;Una carreggiata a senso unico di marcia;Asciutto;Asfaltata;Verticale ed orizzontale;Nuvoloso;Normale;Buona;Ore Diurne;2;0;0;2;12.53061;41.92095;-1;1;Autovettura privata;In marcia / fermata / arresto;Passeggero;F;Rimandato;0;NON DECEDUTO;Non accertato;Inesploso
2292522;5;25/02/2015 15:25;Strada Urbana;VIA DEI MONTI DI PIETRALATA;da specificare;;;;sotto il cavalcavia di VIA DEI MONTI TIBURTINI;Tamponamento;Rettilineo;Una carreggiata a senso unico di marcia;Asciutto;Asfaltata;Verticale ed orizzontale;Nuvoloso;Normale;Buona;Ore Diurne;2;0;0;2;12.53061;41.92095;-1;1;Autovettura privata;In marcia / fermata / arresto;Conducente;M;Rimandato;0;NON DECEDUTO;Non accertato;Inesploso
2292522;5;25/02/2015 15:25;Strada Urbana;VIA DEI MONTI DI PIETRALATA;da specificare;;;;sotto il cavalcavia di VIA DEI MONTI TIBURTINI;Tamponamento;Rettilineo;Una carreggiata a senso unico di marcia;Asciutto;Asfaltata;Verticale ed orizzontale;Nuvoloso;Normale;Buona;Ore Diurne;2;0;0;2;12.53061;41.92095;-1;2;Autovettura privata;In marcia / fermata / arresto;Conducente;M;Illeso;0;;Non accertato;Esploso
2292522;5;25/02/2015 15:25;Strada Urbana;VIA DEI MONTI DI PIETRALATA;da specificare;;;;sotto il cavalcavia di VIA DEI MONTI TIBURTINI;Tamponamento;Rettilineo;Una carreggiata a senso unico di marcia;Asciutto;Asfaltata;Verticale ed orizzontale;Nuvoloso;Normale;Buona;Ore Diurne;2;0;0;2;12.53061;41.92095;-1;2;Autovettura privata;In marcia / fermata / arresto;Passeggero;M;Illeso;0;;Non accertato;Esploso
2292532;1;25/02/2015 13:25;Strada Urbana;VIALE CASTRO PRETORIO;all'intersezione semaforizzata con;VIA SAN MARTINO DELLA BATTAGLIA;VIA SAN MARTINO DELLA BATTAGLIA;;;Tamponamento;Intersezione semaforizzata;Una carreggiata a doppio senso;Asciutto;Asfaltata;Verticale ed orizzontale;Nuvoloso;Normale;Buona;Ore Diurne;0;0;0;3;12.50532;41.90622;-1;1;Autocarro inferiore 35 q.;In marcia / fermata / arresto;Conducente;M;Illeso;0;;Non accertato;
2292532;1;25/02/2015 13:25;Strada Urbana;VIALE CASTRO PRETORIO;all'intersezione semaforizzata con;VIA SAN MARTINO DELLA BATTAGLIA;VIA SAN MARTINO DELLA BATTAGLIA;;;Tamponamento;Intersezione semaforizzata;Una carreggiata a doppio senso;Asciutto;Asfaltata;Verticale ed orizzontale;Nuvoloso;Normale;Buona;Ore Diurne;0;0;0;3;12.50532;41.90622;-1;2;Autovettura privata;In marcia / fermata / arresto;Conducente;M;Illeso;0;;Non accertato;
2292532;1;25/02/2015 13:25;Strada Urbana;VIALE CASTRO PRETORIO;all'intersezione semaforizzata con;VIA SAN MARTINO DELLA BATTAGLIA;VIA SAN MARTINO DELLA BATTAGLIA;;;Tamponamento;Intersezione semaforizzata;Una carreggiata a doppio senso;Asciutto;Asfaltata;Verticale ed orizzontale;Nuvoloso;Normale;Buona;Ore Diurne;0;0;0;3;12.50532;41.90622;-1;2;Autovettura privata;In marcia / fermata / arresto;Passeggero;F;Illeso;0;;Non accertato;
2292551;1;25/02/2015 16:40;Strada Urbana;VIALE CASTRO PRETORIO;all'intersezione semaforizzata con;VIA PALESTRO;VIA PALESTRO;;;Scontro frontale/laterale DX fra veicoli in marcia;Intersezione semaforizzata;Una carreggiata a senso unico di marcia;Asciutto;Asfaltata;Verticale ed orizzontale;Sereno;Normale;Buona;Ore Diurne;0;0;0;4;12.50698;41.90277;-1;1;Autovettura privata;In marcia / fermata / arresto;Conducente;M;Illeso;0;;Non accertato;Inesploso
2292551;1;25/02/2015 16:40;Strada Urbana;VIALE CASTRO PRETORIO;all'intersezione semaforizzata con;VIA PALESTRO;VIA PALESTRO;;;Scontro frontale/laterale DX fra veicoli in marcia;Intersezione semaforizzata;Una carreggiata a senso unico di marcia;Asciutto;Asfaltata;Verticale ed orizzontale;Sereno;Normale;Buona;Ore Diurne;0;0;0;4;12.50698;41.90277;-1;2;Autovettura privata;In marcia / fermata / arresto;Conducente;M;Illeso;0;;Non accertato;Inesploso
2292551;1;25/02/2015 16:40;Strada Urbana;VIALE CASTRO PRETORIO;all'intersezione semaforizzata con;VIA PALESTRO;VIA PALESTRO;;;Scontro frontale/laterale DX fra veicoli in marcia;Intersezione semaforizzata;Una carreggiata a senso unico di marcia;Asciutto;Asfaltata;Verticale ed orizzontale;Sereno;Normale;Buona;Ore Diurne;0;0;0;4;12.50698;41.90277;-1;2;Autovettura privata;In marcia / fermata / arresto;Passeggero;M;Illeso;0;;Non accertato;Inesploso
2292551;1;25/02/2015 16:40;Strada Urbana;VIALE CASTRO PRETORIO;all'intersezione semaforizzata con;VIA PALESTRO;VIA PALESTRO;;;Scontro frontale/laterale DX fra veicoli in marcia;Intersezione semaforizzata;Una carreggiata a senso unico di marcia;Asciutto;Asfaltata;Verticale ed orizzontale;Sereno;Normale;Buona;Ore Diurne;0;0;0;4;12.50698;41.90277;-1;2;Autovettura privata;In marcia / fermata / arresto;Passeggero;F;Illeso;0;;Non accertato;Inesploso
2292553;13;25/02/2015 13:30;Strada Urbana;VIALE DESIDERATO PIETRI;all'intersezione con;PIAZZA ALERIA;PIAZZA ALERIA;;;Scontro frontale/laterale SX fra veicoli in marcia;Incrocio;Due carreggiate;Bagnato (pioggia);Asfaltata;Assente;Pioggia in atto;Normale;Buona;Ore Diurne;0;0;0;2;12.28991;41.72768;-1;1;Autovettura privata;In marcia / fermata / arresto;Conducente;F;Illeso;0;;Non accertato;Inesploso
2292553;13;25/02/2015 13:30;Strada Urbana;VIALE DESIDERATO PIETRI;all'intersezione con;PIAZZA ALERIA;PIAZZA ALERIA;;;Scontro frontale/laterale SX fra veicoli in marcia;Incrocio;Due carreggiate;Bagnato (pioggia);Asfaltata;Assente;Pioggia in atto;Normale;Buona;Ore Diurne;0;0;0;2;12.28991;41.72768;-1;2;Autovettura privata;In marcia / fermata / arresto;Conducente;M;Illeso;0;;Non accertato;Inesploso
2292560;18;21/02/2015 21:15;Strada Urbana;VIA DI BOCCEA;all'intersezione con;VIA PIER DELLE VIGNE;VIA PIER DELLE VIGNE;;;Scontro frontale/laterale SX fra veicoli in marcia;Intersezione stradale segnalata;Una carreggiata a doppio senso;Bagnato (pioggia);Asfaltata;Verticale ed orizzontale;Pioggia in atto;Normale;Sufficiente;Sufficiente;0;0;0;3;12.42805;41.90051;-1;1;Autovettura privata;In marcia / fermata / arresto;Conducente;M;Illeso;0;;Non accertato;Inesploso
2292560;18;21/02/2015 21:15;Strada Urbana;VIA DI BOCCEA;all'intersezione con;VIA PIER DELLE VIGNE;VIA PIER DELLE VIGNE;;;Scontro frontale/laterale SX fra veicoli in marcia;Intersezione stradale segnalata;Una carreggiata a doppio senso;Bagnato (pioggia);Asfaltata;Verticale ed orizzontale;Pioggia in atto;Normale;Sufficiente;Sufficiente;0;0;0;3;12.42805;41.90051;-1;1;Autovettura privata;In marcia / fermata / arresto;Passeggero;F;Illeso;0;;Non accertato;Inesploso
2292560;18;21/02/2015 21:15;Strada Urbana;VIA DI BOCCEA;all'intersezione con;VIA PIER DELLE VIGNE;VIA PIER DELLE VIGNE;;;Scontro frontale/laterale SX fra veicoli in marcia;Intersezione stradale segnalata;Una carreggiata a doppio senso;Bagnato (pioggia);Asfaltata;Verticale ed orizzontale;Pioggia in atto;Normale;Sufficiente;Sufficiente;0;0;0;3;12.42805;41.90051;-1;2;Autovettura privata;In marcia / fermata / arresto;Conducente;F;Illeso;0;;Non accertato;Inesploso
2292577;17;25/02/2015;Strada Urbana;VIA PASQUALE GALLUPPI;in prossimità;;del civico n.;8;;Veicolo in marcia contro veicolo in sosta;Rettilineo;Una carreggiata a senso unico di marcia;Asciutto;Asfaltata;Verticale ed orizzontale;Nuvoloso;Scarso;Buona;Ore Diurne;0;0;0;1;12.44862;41.91151;-1;2;Autovettura privata;In marcia / fermata / arresto;Conducente;F;Illeso;0;;Non accertato;Inesploso
2292578;20;25/02/2015 16:30;Provinciale;VIA BRACCIANENSE;in prossimità;;del civico n.;939;;Veicolo in marcia contro ostacolo fisso;Rettilineo;Una carreggiata a doppio senso;Asciutto;Asfaltata;Orizzontale;Nuvoloso;Normale;Buona;Ore Diurne;0;0;0;1;12.2795;42.03343;-1;1;Autoarticolato;In marcia / fermata / arresto;Conducente;M;Illeso;0;;Non accertato;Inesistente