Protocollo;Gruppo;DataOraIncidente;Localizzazione1;STRADA1;Localizzazione2;STRADA2;Strada02;Chilometrica;DaSpecificare;NaturaIncidente;particolaritastrade;TipoStrada;FondoStradale;Pavimentazione;Segnaletica;CondizioneAtmosferica;Traffico;Visibilita;Illuminazione;NUM_FERITI;NUM_RISERVATA;NUM_MORTI;NUM_ILLESI;Longitudine;Latitudine;Confermato;Progressivo;TipoVeicolo;StatoVeicolo;TipoPersona;Sesso;Tipolesione;Deceduto;DecedutoDopo;CinturaCascoUtilizzato;Airbag
2294245;1;26/02/2015 23:00;Strada Urbana;VIA NAZIONALE;in prossimità;;del civico n.;27;;Veicolo in marcia contro veicolo arresto;Rettilineo;Una carreggiata a doppio senso;Asciutto;In cubetti di porfido;Verticale ed orizzontale;Nuvoloso;Scarso;Sufficiente;Sufficiente;0;0;0;4;12.49163;41.89971;-1;2;Autovettura privata;In marcia / fermata / arresto;Conducente;M;Illeso;0;;Non accertato;
2294245;1;26/02/2015 23:00;Strada Urbana;VIA NAZIONALE;in prossimità;;del civico n.;27;;Veicolo in marcia contro veicolo arresto;Rettilineo;Una carreggiata a doppio senso;Asciutto;In cubetti di porfido;Verticale ed orizzontale;Nuvoloso;Scarso;Sufficiente;Sufficiente;0;0;0;4;12.49163;41.89971;-1;2;Autovettura privata;In marcia / fermata / arresto;Passeggero;M;Illeso;0;;Non accertato;
2294245;1;26/02/2015 23:00;Strada Urbana;VIA NAZIONALE;in prossimità;;del civico n.;27;;Veicolo in marcia contro veicolo arresto;Rettilineo;Una carreggiata a doppio senso;Asciutto;In cubetti di porfido;Verticale ed orizzontale;Nuvoloso;Scarso;Sufficiente;Sufficiente;0;0;0;4;12.49163;41.89971;-1;2;Autovettura privata;In marcia / fermata / arresto;Passeggero;M;Illeso;0;;Non accertato;
2294249;19;26/02/2015 13:15;Strada Urbana;VIA PIETRO MAFFI;all'intersezione con;VIA GIUSEPPE D'ANNIBALE;VIA GIUSEPPE D'ANNIBALE;;;Veicolo in marcia contro veicolo in sosta;Incrocio;Una carreggiata a doppio senso;Asciutto;Asfaltata;Verticale ed orizzontale;Sereno;Normale;Buona;Ore Diurne;2;0;0;1;12.4172;41.92259;-1;2;Autovettura privata;In marcia / fermata / arresto;Conducente;F;Rimandato;0;NON DECEDUTO;Non accertato;Inesploso
2294249;19;26/02/2015 13:15;Strada Urbana;VIA PIETRO MAFFI;all'intersezione con;VIA GIUSEPPE D'ANNIBALE;VIA GIUSEPPE D'ANNIBALE;;;Veicolo in marcia contro veicolo in sosta;Incrocio;Una carreggiata a doppio senso;Asciutto;Asfaltata;Verticale ed orizzontale;Sereno;Normale;Buona;Ore Diurne;2;0;0;1;12.4172;41.92259;-1;3;Autovettura privata;In marcia / fermata / arresto;Conducente;F;Rifiuta cure immediate;0;NON DECEDUTO;Non accertato;Esploso
2294249;19;26/02/2015 13:15;Strada Urbana;VIA PIETRO MAFFI;all'intersezione con;VIA GIUSEPPE D'ANNIBALE;VIA GIUSEPPE D'ANNIBALE;;;Veicolo in marcia contro veicolo in sosta;Incrocio;Una carreggiata a doppio senso;Asciutto;Asfaltata;Verticale ed orizzontale;Sereno;Normale;Buona;Ore Diurne;2;0;0;1;12.4172;41.92259;-1;3;Autovettura privata;In marcia / fermata / arresto;Passeggero;M;Illeso;0;;Non accertato;Esploso
2294264;2;26/02/2015 17:40;Strada Urbana;LARGO GIULIO ONESTI;da specificare;;;;pross. civico 1 direzione Via del Foro Italico;Veicolo in marcia contro ostacolo accidentale;Rettilineo;Una carreggiata a doppio senso;Asciutto;Asfaltata;Verticale ed orizzontale;Nuvoloso;Normale;Buona;Sufficiente;1;0;0;0;12.49269;41.93892;-1;1;Motociclo a solo;In marcia / fermata / arresto;Conducente;M;Rifiuta cure immediate;0;NON DECEDUTO;;
2294265;2;26/02/2015 18:20;Strada Urbana;PIAZZA BUENOS AIRES;all'intersezione semaforizzata con;VIA PO;VIA PO;;;Scontro laterale fra veicoli in marcia;Incrocio;Una carreggiata a doppio senso;Asciutto;Asfaltata;Verticale ed orizzontale;Nuvoloso;Normale;Buona;Sufficiente;0;0;0;6;12.50019;41.91814;-1;1;Autovettura privata;In marcia / fermata / arresto;Conducente;M;Illeso;0;;;
2294265;2;26/02/2015 18:20;Strada Urbana;PIAZZA BUENOS AIRES;all'intersezione semaforizzata con;VIA PO;VIA PO;;;Scontro laterale fra veicoli in marcia;Incrocio;Una carreggiata a doppio senso;Asciutto;Asfaltata;Verticale ed orizzontale;Nuvoloso;Normale;Buona;Sufficiente;0;0;0;6;12.50019;41.91814;-1;1;Autovettura privata;In marcia / fermata / arresto;Passeggero;M;Illeso;0;;;
2294265;2;26/02/2015 18:20;Strada Urbana;PIAZZA BUENOS AIRES;all'intersezione semaforizzata con;VIA PO;VIA PO;;;Scontro laterale fra veicoli in marcia;Incrocio;Una carreggiata a doppio senso;Asciutto;Asfaltata;Verticale ed orizzontale;Nuvoloso;Normale;Buona;Sufficiente;0;0;0;6;12.50019;41.91814;-1;1;Autovettura privata;In marcia / fermata / arresto;Passeggero;M;Illeso;0;;;
2294265;2;26/02/2015 18:20;Strada Urbana;PIAZZA BUENOS AIRES;all'intersezione semaforizzata con;VIA PO;VIA PO;;;Scontro laterale fra veicoli in marcia;Incrocio;Una carreggiata a doppio senso;Asciutto;Asfaltata;Verticale ed orizzontale;Nuvoloso;Normale;Buona;Sufficiente;0;0;0;6;12.50019;41.91814;-1;1;Autovettura privata;In marcia / fermata / arresto;Passeggero;F;Illeso;0;;;
2294265;2;26/02/2015 18:20;Strada Urbana;PIAZZA BUENOS AIRES;all'intersezione semaforizzata con;VIA PO;VIA PO;;;Scontro laterale fra veicoli in marcia;Incrocio;Una carreggiata a doppio senso;Asciutto;Asfaltata;Verticale ed orizzontale;Nuvoloso;Normale;Buona;Sufficiente;0;0;0;6;12.50019;41.91814;-1;2;Autovettura di polizia;In marcia / fermata / arresto;Conducente;M;Illeso;0;;;
2294265;2;26/02/2015 18:20;Strada Urbana;PIAZZA BUENOS AIRES;all'intersezione semaforizzata con;VIA PO;VIA PO;;;Scontro laterale fra veicoli in marcia;Incrocio;Una carreggiata a doppio senso;Asciutto;Asfaltata;Verticale ed orizzontale;Nuvoloso;Normale;Buona;Sufficiente;0;0;0;6;12.50019;41.91814;-1;2;Autovettura di polizia;In marcia / fermata / arresto;Passeggero;M;Illeso;0;;;
2294267;1;26/02/2015 17:25;Strada Urbana;PIAZZA DELLA REPUBBLICA;da specificare;;;;fronte palo acea 10;Scontro frontale/laterale SX fra veicoli in marcia;Rotatoria;Una carreggiata a senso unico di marcia;Asciutto;In cubetti di porfido;Verticale ed orizzontale;Nuvoloso;Normale;Sufficiente;Ore Diurne;0;0;0;2;12.49625;41.90248;-1;1;Autovettura pubblica;In marcia / fermata / arresto;Conducente;M;Illeso;0;;Non accertato;
2294267;1;26/02/2015 17:25;Strada Urbana;PIAZZA DELLA REPUBBLICA;da specificare;;;;fronte palo acea 10;Scontro frontale/laterale SX fra veicoli in marcia;Rotatoria;Una carreggiata a senso unico di marcia;Asciutto;In cubetti di porfido;Verticale ed orizzontale;Nuvoloso;Normale;Sufficiente;Ore Diurne;0;0;0;2;12.49625;41.90248;-1;2;Autovettura privata;In marcia / fermata / arresto;Conducente;F;Illeso;0;;Non accertato;
2294281;18;24/02/2015 09:00;Strada Urbana;VIA DI BOCCEA;in prossimità;;del civico n.;724;;Scontro frontale/laterale SX fra veicoli in marcia;Rettilineo;Una carreggiata a doppio senso;Asciutto;Asfaltata;Verticale ed orizzontale;Nuvoloso;Normale;Buona;Ore Diurne;1;0;0;2;12.36896;41.92272;-1;1;Autocarro inferiore 35 q.;In marcia / fermata / arresto;Conducente;M;Illeso;0;;Non accertato;Inesploso
2294281;18;24/02/2015 09:00;Strada Urbana;VIA DI BOCCEA;in prossimità;;del civico n.;724;;Scontro frontale/laterale SX fra veicoli in marcia;Rettilineo;Una carreggiata a doppio senso;Asciutto;Asfaltata;Verticale ed orizzontale;Nuvoloso;Normale;Buona;Ore Diurne;1;0;0;2;12.36896;41.92272;-1;1;Autocarro inferiore 35 q.;In marcia / fermata / arresto;Passeggero;F;Illeso;0;;Non accertato;Inesploso
2294281;18;24/02/2015 09:00;Strada Urbana;VIA DI BOCCEA;in prossimità;;del civico n.;724;;Scontro frontale/laterale SX fra veicoli in marcia;Rettilineo;Una carreggiata a doppio senso;Asciutto;Asfaltata;Verticale ed orizzontale;Nuvoloso;Normale;Buona;Ore Diurne;1;0;0;2;12.36896;41.92272;-1;2;Motociclo a solo;In marcia / fermata / arresto;Conducente;M;Rimandato;0;NON DECEDUTO;Non accertato;
2294283;7;26/02/2015 12:05;Strada Urbana;VIALE ALESSANDRINO;in corrispondenza;;del civico n.;300;;Veicolo in marcia contro veicolo fermo;Rettilineo;Una carreggiata a doppio senso;Asciutto;Asfaltata;Verticale ed orizzontale;Sereno;Normale;Buona;Ore Diurne;0;0;0;2;12.5794;41.87557;-1;1;Autovettura privata;In marcia / fermata / arresto;Conducente;F;Illeso;0;;Non accertato;Inesploso
2294283;7;26/02/2015 12:05;Strada Urbana;VIALE ALESSANDRINO;in corrispondenza;;del civico n.;300;;Veicolo in marcia contro veicolo fermo;Rettilineo;Una carreggiata a doppio senso;Asciutto;Asfaltata;Verticale ed orizzontale;Sereno;Normale;Buona;Ore Diurne;0;0;0;2;12.5794;41.87557;-1;2;Motociclo a solo;In marcia / fermata / arresto;Conducente;M;Illeso;0;;Non accertato;
2294289;11;27/02/2015 09:30;Strada Urbana;VIA ARDEATINA;all'intersezione semaforizzata con;VIA DELLA CECCHIGNOLA;VIA DELLA CECCHIGNOLA;;;Scontro laterale fra veicoli in marcia;Incrocio;Due carreggiate;Asciutto;Asfaltata;Verticale ed orizzontale;Sereno;Normale;Buona;Ore Diurne;0;0;0;3;12.51798;41.8242;-1;1;Autovettura privata;In marcia / fermata / arresto;Conducente;M;Illeso;0;;Non accertato;Inesploso
2294289;11;27/02/2015 09:30;Strada Urbana;VIA ARDEATINA;all'intersezione semaforizzata con;VIA DELLA CECCHIGNOLA;VIA DELLA CECCHIGNOLA;;;Scontro laterale fra veicoli in marcia;Incrocio;Due carreggiate;Asciutto;Asfaltata;Verticale ed orizzontale;Sereno;Normale;Buona;Ore Diurne;0;0;0;3;12.51798;41.8242;-1;1;Autovettura privata;In marcia / fermata / arresto;Passeggero;M;Illeso;0;;Non accertato;Inesploso
2294289;11;27/02/2015 09:30;Strada Urbana;VIA ARDEATINA;all'intersezione semaforizzata con;VIA DELLA CECCHIGNOLA;VIA DELLA CECCHIGNOLA;;;Scontro laterale fra veicoli in marcia;Incrocio;Due carreggiate;Asciutto;Asfaltata;Verticale ed orizzontale;Sereno;Normale;Buona;Ore Diurne;0;0;0;3;12.51798;41.8242;-1;2;Autocarro inferiore 35 q.;In marcia / fermata / arresto;Conducente;M;Illeso;0;;;
2294301;12;27/02/2015 08:00;Strada Urbana;VIA DELLA CECCHIGNOLA;all'intersezione con;VIA DEL CASALE ZOLA;VIA DEL CASALE ZOLA;;;Scontro laterale fra veicoli in marcia;Incrocio;Una carreggiata a doppio senso;Asciutto;Asfaltata;Verticale ed orizzontale;Sereno;Normale;Buona;Ore Diurne;1;0;0;2;12.51638;41.82161;-1;1;Autovettura privata;In marcia / fermata / arresto;Conducente;F;Illeso;0;;Utilizzato;Inesploso
2294301;12;27/02/2015 08:00;Strada Urbana;VIA DELLA CECCHIGNOLA;all'intersezione con;VIA DEL CASALE ZOLA;VIA DEL CASALE ZOLA;;;Scontro laterale fra veicoli in marcia;Incrocio;Una carreggiata a doppio senso;Asciutto;Asfaltata;Verticale ed orizzontale;Sereno;Normale;Buona;Ore Diurne;1;0;0;2;12.51638;41.82161;-1;1;Autovettura privata;In marcia / fermata / arresto;Passeggero;M;Illeso;0;;Utilizzato;Inesploso
2294301;12;27/02/2015 08:00;Strada Urbana;VIA DELLA CECCHIGNOLA;all'intersezione con;VIA DEL CASALE ZOLA;VIA DEL CASALE ZOLA;;;Scontro laterale fra veicoli in marcia;Incrocio;Una carreggiata a doppio senso;Asciutto;Asfaltata;Verticale ed orizzontale;Sereno;Normale;Buona;Ore Diurne;1;0;0;2;12.51638;41.82161;-1;2;Motociclo a solo;In marcia / fermata / arresto;Conducente;M;Rimandato;0;NON DECEDUTO;Utilizzato;
2294319;7;26/02/2015 23:15;Strada Urbana;VIA PRENESTINA;all'intersezione con;VIA MIRABELLA ECLANO;VIA MIRABELLA ECLANO;;;Scontro frontale fra veicoli in marcia;Incrocio;Una carreggiata a doppio senso;Asciutto;Asfaltata;Verticale;Sereno;Scarso;Insufficiente;Insufficiente;1;0;0;1;12.63173;41.89259;-1;1;Autovettura privata;In marcia / fermata / arresto;Conducente;M;Illeso;0;;Non accertato;Inesploso
2294319;7;26/02/2015 23:15;Strada Urbana;VIA PRENESTINA;all'intersezione con;VIA MIRABELLA ECLANO;VIA MIRABELLA ECLANO;;;Scontro frontale fra veicoli in marcia;Incrocio;Una carreggiata a doppio senso;Asciutto;Asfaltata;Verticale;Sereno;Scarso;Insufficiente;Insufficiente;1;0;0;1;12.63173;41.89259;-1;2;Motociclo a solo;In marcia / fermata / arresto;Conducente;M;Rimandato;0;NON DECEDUTO;Non accertato;
2294341;7;27/02/2015 10:00;Strada Urbana;VIA DAMETA;all'intersezione con;VIA NAIDE;VIA NAIDE;;;Scontro frontale/laterale DX fra veicoli in marcia;Incrocio;Una carreggiata a doppio senso;Asciutto;Asfaltata;Verticale ed orizzontale;Sereno;Normale;Buona;Ore Diurne;0;0;0;3;12.60705;41.91679;-1;1;Autovettura privata;In marcia / fermata / arresto;Conducente;F;Illeso;0;;Non accertato;
2294341;7;27/02/2015 10:00;Strada Urbana;VIA DAMETA;all'intersezione con;VIA NAIDE;VIA NAIDE;;;Scontro frontale/laterale DX fra veicoli in marcia;Incrocio;Una carreggiata a doppio senso;Asciutto;Asfaltata;Verticale ed orizzontale;Sereno;Normale;Buona;Ore Diurne;0;0;0;3;12.60705;41.91679;-1;1;Autovettura privata;In marcia / fermata / arresto;Passeggero;F;Illeso;0;;Utilizzato;
2294341;7;27/02/2015 10:00;Strada Urbana;VIA DAMETA;all'intersezione con;VIA NAIDE;VIA NAIDE;;;Scontro frontale/laterale DX fra veicoli in marcia;Incrocio;Una carreggiata a doppio senso;Asciutto;Asfaltata;Verticale ed orizzontale;Sereno;Normale;Buona;Ore Diurne;0;0;0;3;12.60705;41.91679;-1;2;Autovettura privata;In marcia / fermata / arresto;Conducente;F;Illeso;0;;Non accertato;
2294395;18;27/02/2015 11:15;Strada Urbana;VIA DI BOCCEA;all'intersezione semaforizzata con;VIA MATTIA BATTISTINI;VIA MATTIA BATTISTINI;;;Scontro frontale/laterale DX fra veicoli in marcia;Intersezione semaforizzata;Due carreggiate;Asciutto;Asfaltata;Verticale ed orizzontale;Sereno;Normale;Buona;Ore Diurne;3;0;0;2;12.41011;41.90463;-1;1;Autovettura privata;In marcia / fermata / arresto;Conducente;M;Rimandato;0;NON DECEDUTO;Non accertato;Esploso
2294395;18;27/02/2015 11:15;Strada Urbana;VIA DI BOCCEA;all'intersezione semaforizzata con;VIA MATTIA BATTISTINI;VIA MATTIA BATTISTINI;;;Scontro frontale/laterale DX fra veicoli in marcia;Intersezione semaforizzata;Due carreggiate;Asciutto;Asfaltata;Verticale ed orizzontale;Sereno;Normale;Buona;Ore Diurne;3;0;0;2;12.41011;41.90463;-1;1;Autovettura privata;In marcia / fermata / arresto;Passeggero;F;Rimandato;0;NON DECEDUTO;Non accertato;Esploso
2294395;18;27/02/2015 11:15;Strada Urbana;VIA DI BOCCEA;all'intersezione semaforizzata con;VIA MATTIA BATTISTINI;VIA MATTIA BATTISTINI;;;Scontro frontale/laterale DX fra veicoli in marcia;Intersezione semaforizzata;Due carreggiate;Asciutto;Asfaltata;Verticale ed orizzontale;Sereno;Normale;Buona;Ore Diurne;3;0;0;2;12.41011;41.90463;-1;2;Autovettura privata;In marcia / fermata / arresto;Conducente;F;Rimandato;0;NON DECEDUTO;Non accertato;Inesploso
2294395;18;27/02/2015 11:15;Strada Urbana;VIA DI BOCCEA;all'intersezione semaforizzata con;VIA MATTIA BATTISTINI;VIA MATTIA BATTISTINI;;;Scontro frontale/laterale DX fra veicoli in marcia;Intersezione semaforizzata;Due carreggiate;Asciutto;Asfaltata;Verticale ed orizzontale;Sereno;Normale;Buona;Ore Diurne;3;0;0;2;12.41011;41.90463;-1;3;Autovettura privata;In marcia / fermata / arresto;Conducente;M;Illeso;0;;Non accertato;
2294395;18;27/02/2015 11:15;Strada Urbana;VIA DI BOCCEA;all'intersezione semaforizzata con;VIA MATTIA BATTISTINI;VIA MATTIA BATTISTINI;;;Scontro frontale/laterale DX fra veicoli in marcia;Intersezione semaforizzata;Due carreggiate;Asciutto;Asfaltata;Verticale ed orizzontale;Sereno;Normale;Buona;Ore Diurne;3;0;0;2;12.41011;41.90463;-1;3;Autovettura privata;In marcia / fermata / arresto;Passeggero;F;Illeso;0;;;Inesploso
2294399;7;27/02/2015 11:30;Strada Urbana;VIALE PALMIRO TOGLIATTI;in corrispondenza;;del civico n.;578;;Tamponamento;Rettilineo;Due carreggiate;Asciutto;Asfaltata;Orizzontale;Sereno;Normale;Buona;Ore Diurne;0;0;0;2;12.57179;41.87654;-1;1;Autovettura privata;In marcia / fermata / arresto;Conducente;M;Illeso;0;;Non accertato;
2294399;7;27/02/2015 11:30;Strada Urbana;VIALE PALMIRO TOGLIATTI;in corrispondenza;;del civico n.;578;;Tamponamento;Rettilineo;Due carreggiate;Asciutto;Asfaltata;Orizzontale;Sereno;Normale;Buona;Ore Diurne;0;0;0;2;12.57179;41.87654;-1;2;Autocarro inferiore 35 q.;In marcia / fermata / arresto;Conducente;M;Illeso;0;;Non accertato;
2294424;18;25/02/2015 10:55;Strada Urbana;VIA S. ADEODATO;all'intersezione con;VIA S. LUCIO;VIA S. LUCIO;;;Tamponamento;Incrocio;Una carreggiata a doppio senso;Asciutto;Asfaltata;Verticale ed orizzontale;Sereno;Normale;Buona;Ore Diurne;0;0;0;3;12.4417;41.89349;-1;1;Autobus urbano;In marcia / fermata / arresto;Conducente;M;Illeso;0;;Non accertato;Inesploso
2294424;18;25/02/2015 10:55;Strada Urbana;VIA S. ADEODATO;all'intersezione con;VIA S. LUCIO;VIA S. LUCIO;;;Tamponamento;Incrocio;Una carreggiata a doppio senso;Asciutto;Asfaltata;Verticale ed orizzontale;Sereno;Normale;Buona;Ore Diurne;0;0;0;3;12.4417;41.89349;-1;2;Autovettura privata;In marcia / fermata / arresto;Conducente;M;Illeso;0;;Non accertato;Inesploso
2294424;18;25/02/2015 10:55;Strada Urbana;VIA S. ADEODATO;all'intersezione con;VIA S. LUCIO;VIA S. LUCIO;;;Tamponamento;Incrocio;Una carreggiata a doppio senso;Asciutto;Asfaltata;Verticale ed orizzontale;Sereno;Normale;Buona;Ore Diurne;0;0;0;3;12.4417;41.89349;-1;2;Autovettura privata;In marcia / fermata / arresto;Passeggero;F;Illeso;0;;Non accertato;Inesploso
2294459;2;27/02/2015 11:15;Strada Urbana;VIA MONTEBUONO;in prossimità;;del civico n.;25/B;;Scontro laterale fra veicoli in marcia;Rettilineo;Una carreggiata a senso unico di marcia;Asciutto;Asfaltata;Verticale ed orizzontale;Sereno;Normale;Buona;Ore Diurne;0;0;0;2;12.51292;41.93402;-1;1;Autovettura privata;In marcia / fermata / arresto;Conducente;M;Illeso;0;;Non accertato;Inesploso
2294459;2;27/02/2015 11:15;Strada Urbana;VIA MONTEBUONO;in prossimità;;del civico n.;25/B;;Scontro laterale fra veicoli in marcia;Rettilineo;Una carreggiata a senso unico di marcia;Asciutto;Asfaltata;Verticale ed orizzontale;Sereno;Normale;Buona;Ore Diurne;0;0;0;2;12.51292;41.93402;-1;2;Autovettura privata;In marcia / fermata / arresto;Conducente;F;Illeso;0;;Non accertato;Inesploso
2294493;6;27/02/2015 13:00;Strada Urbana;VIA ORESTE SALOMONE;in corrispondenza;;del civico n.;27;;Veicolo in marcia contro veicolo in sosta;Rettilineo;Una carreggiata a senso unico di marcia;Asciutto;Asfaltata;Orizzontale;Sereno;Scarso;Buona;Ore Diurne;0;0;0;2;12.54487;41.87794;-1;1;Autovettura di polizia;In marcia / fermata / arresto;Conducente;M;Illeso;0;;Non accertato;Inesploso
2294493;6;27/02/2015 13:00;Strada Urbana;VIA ORESTE SALOMONE;in corrispondenza;;del civico n.;27;;Veicolo in marcia contro veicolo in sosta;Rettilineo;Una carreggiata a senso unico di marcia;Asciutto;Asfaltata;Orizzontale;Sereno;Scarso;Buona;Ore Diurne;0;0;0;2;12.54487;41.87794;-1;1;Autovettura di polizia;In marcia / fermata / arresto;Passeggero;M;Illeso;0;;Non accertato;Inesploso
2294494;9;27/02/2015 11:15;Strada Urbana;VIA APPIA NUOVA;da specificare;;;;tra i pali A.C.E.A. nn. 286 e 285.;Tamponamento;Curva a visuale libera;Due carreggiate;Asciutto;Asfaltata;Orizzontale;Sereno;Normale;Buona;Ore Diurne;2;0;0;0;12.55156;41.83678;-1;1;Autovettura privata;In marcia / fermata / arresto;Conducente;M;Rimandato;0;NON DECEDUTO;Non accertato;Inesploso
2294494;9;27/02/2015 11:15;Strada Urbana;VIA APPIA NUOVA;da specificare;;;;tra i pali A.C.E.A. nn. 286 e 285.;Tamponamento;Curva a visuale libera;Due carreggiate;Asciutto;Asfaltata;Orizzontale;Sereno;Normale;Buona;Ore Diurne;2;0;0;0;12.55156;41.83678;-1;2;Autovettura privata;In marcia / fermata / arresto;Conducente;M;Rimandato;0;NON DECEDUTO;;Inesistente
2294508;11;27/02/2015 12:50;Strada Urbana;VIA LAURENTINA;in prossimità;;del civico n.;139;;Tamponamento;Rettilineo;Due carreggiate;Asciutto;Asfaltata;Verticale ed orizzontale;Sereno;Normale;Buona;Ore Diurne;1;0;0;2;12.48021;41.84475;-1;1;Motociclo a solo;In marcia / fermata / arresto;Conducente;F;Rimandato;0;NON DECEDUTO;Utilizzato;
2294508;11;27/02/2015 12:50;Strada Urbana;VIA LAURENTINA;in prossimità;;del civico n.;139;;Tamponamento;Rettilineo;Due carreggiate;Asciutto;Asfaltata;Verticale ed orizzontale;Sereno;Normale;Buona;Ore Diurne;1;0;0;2;12.48021;41.84475;-1;2;Autovettura privata;In marcia / fermata / arresto;Conducente;M;Illeso;0;;Non accertato;Inesploso
2294508;11;27/02/2015 12:50;Strada Urbana;VIA LAURENTINA;in prossimità;;del civico n.;139;;Tamponamento;Rettilineo;Due carreggiate;Asciutto;Asfaltata;Verticale ed orizzontale;Sereno;Normale;Buona;Ore Diurne;1;0;0;2;12.48021;41.84475;-1;2;Autovettura privata;In marcia / fermata / arresto;Passeggero;M;Illeso;0;;Non accertato;Inesploso
2294509;2;27/02/2015 13:20;Strada Urbana;VIA DEI CAMPI SPORTIVI;all'intersezione con;VIA DEL FORO ITALICO;VIA DEL FORO ITALICO;;;Scontro laterale fra veicoli in marcia;Incrocio;Una carreggiata a doppio senso;Asciutto;Asfaltata;Verticale ed orizzontale;Sereno;Normale;Buona;Ore Diurne;0;0;0;3;12.49137;41.93839;-1;1;Autovettura di polizia;In marcia / fermata / arresto;Conducente;M;Illeso;0;;Non accertato;Inesploso
2294509;2;27/02/2015 13:20;Strada Urbana;VIA DEI CAMPI SPORTIVI;all'intersezione con;VIA DEL FORO ITALICO;VIA DEL FORO ITALICO;;;Scontro laterale fra veicoli in marcia;Incrocio;Una carreggiata a doppio senso;Asciutto;Asfaltata;Verticale ed orizzontale;Sereno;Normale;Buona;Ore Diurne;0;0;0;3;12.49137;41.93839;-1;1;Autovettura di polizia;In marcia / fermata / arresto;Passeggero;M;Illeso;0;;Non accertato;Inesploso
2294509;2;27/02/2015 13:20;Strada Urbana;VIA DEI CAMPI SPORTIVI;all'intersezione con;VIA DEL FORO ITALICO;VIA DEL FORO ITALICO;;;Scontro laterale fra veicoli in marcia;Incrocio;Una carreggiata a doppio senso;Asciutto;Asfaltata;Verticale ed orizzontale;Sereno;Normale;Buona;Ore Diurne;0;0;0;3;12.49137;41.93839;-1;2;Autovettura privata;In marcia / fermata / arresto;Conducente;M;Illeso;0;;Non accertato;Inesploso
2294510;23;26/02/2015 19:50;Comunale extraurbana;VIA CRISTOFORO COLOMBO;in corrispondenza;;della chilometrica;16.3;;Tamponamento Multiplo;Rettilineo;Due carreggiate;Asciutto;Asfaltata;Verticale ed orizzontale;Nuvoloso;Intenso;Sufficiente;Insufficiente;2;0;0;4;12.43204;41.7931;-1;1;Autovettura privata;In marcia / fermata / arresto;Conducente;F;Illeso;0;;Non accertato;Inesploso
2294510;23;26/02/2015 19:50;Comunale extraurbana;VIA CRISTOFORO COLOMBO;in corrispondenza;;della chilometrica;16.3;;Tamponamento Multiplo;Rettilineo;Due carreggiate;Asciutto;Asfaltata;Verticale ed orizzontale;Nuvoloso;Intenso;Sufficiente;Insufficiente;2;0;0;4;12.43204;41.7931;-1;1;Autovettura privata;In marcia / fermata / arresto;Passeggero;M;Illeso;0;;Non accertato;Inesploso
2294510;23;26/02/2015 19:50;Comunale extraurbana;VIA CRISTOFORO COLOMBO;in corrispondenza;;della chilometrica;16.3;;Tamponamento Multiplo;Rettilineo;Due carreggiate;Asciutto;Asfaltata;Verticale ed orizzontale;Nuvoloso;Intenso;Sufficiente;Insufficiente;2;0;0;4;12.43204;41.7931;-1;2;Autovettura privata;In marcia / fermata / arresto;Conducente;F;Rifiuta cure immediate;0;NON DECEDUTO;Non accertato;Inesploso
2294510;23;26/02/2015 19:50;Comunale extraurbana;VIA CRISTOFORO COLOMBO;in corrispondenza;;della chilometrica;16.3;;Tamponamento Multiplo;Rettilineo;Due carreggiate;Asciutto;Asfaltata;Verticale ed orizzontale;Nuvoloso;Intenso;Sufficiente;Insufficiente;2;0;0;4;12.43204;41.7931;-1;2;Autovettura privata;In marcia / fermata / arresto;Passeggero;F;Rifiuta cure immediate;0;NON DECEDUTO;Non accertato;Inesploso
2294510;23;26/02/2015 19:50;Comunale extraurbana;VIA CRISTOFORO COLOMBO;in corrispondenza;;della chilometrica;16.3;;Tamponamento Multiplo;Rettilineo;Due carreggiate;Asciutto;Asfaltata;Verticale ed orizzontale;Nuvoloso;Intenso;Sufficiente;Insufficiente;2;0;0;4;12.43204;41.7931;-1;3;Autovettura privata;In marcia / fermata / arresto;Conducente;M;Illeso;0;;Non accertato;Inesploso
2294510;23;26/02/2015 19:50;Comunale extraurbana;VIA CRISTOFORO COLOMBO;in corrispondenza;;della chilometrica;16.3;;Tamponamento Multiplo;Rettilineo;Due carreggiate;Asciutto;Asfaltata;Verticale ed orizzontale;Nuvoloso;Intenso;Sufficiente;Insufficiente;2;0;0;4;12.43204;41.7931;-1;4;Autovettura privata;In marcia / fermata / arresto;Conducente;M;Illeso;0;;Non accertato;Inesploso
2294516;23;26/02/2015 09:00;Strada Urbana;PONTE CAVOUR;all'intersezione con;LUNGOTEVERE IN AUGUSTA;LUNGOTEVERE IN AUGUSTA;;;Tamponamento;Intersezione semaforizzata;Una carreggiata a doppio senso;Asciutto;Acciotolata;Verticale ed orizzontale;Nuvoloso;Intenso;Buona;Ore Diurne;0;0;0;3;12.47502;41.90492;-1;1;Autovettura privata;In marcia / fermata / arresto;Conducente;F;Illeso;0;;Utilizzato;Inesploso
2294516;23;26/02/2015 09:00;Strada Urbana;PONTE CAVOUR;all'intersezione con;LUNGOTEVERE IN AUGUSTA;LUNGOTEVERE IN AUGUSTA;;;Tamponamento;Intersezione semaforizzata;Una carreggiata a doppio senso;Asciutto;Acciotolata;Verticale ed orizzontale;Nuvoloso;Intenso;Buona;Ore Diurne;0;0;0;3;12.47502;41.90492;-1;2;Autovettura privata;In marcia / fermata / arresto;Conducente;M;Illeso;0;;Utilizzato;Inesploso